{
    "parent": "item/generated",
    "textures": {
        "layer0": "item/paper"
    },

    "overrides": [
        { "predicate": { "custom_model_data": 0 }, "model": "addon:item/platinum_sword" },
        { "predicate": { "custom_model_data": 1 }, "model": "addon:item/copper_sword" },
        { "predicate": { "custom_model_data": 2 }, "model": "addon:item/raw_platinum" },
        { "predicate": { "custom_model_data": 3 }, "model": "addon:item/platinum_ingot" },
        { "predicate": { "custom_model_data": 4 }, "model": "addon:item/crystal_sword" },
        { "predicate": { "custom_model_data": 5 }, "model": "addon:item/crystal_helmet" },
        { "predicate": { "custom_model_data": 6 }, "model": "addon:item/crystal_chestplate" },
        { "predicate": { "custom_model_data": 7 }, "model": "addon:item/crystal_leggings" },
        { "predicate": { "custom_model_data": 8 }, "model": "addon:item/crystal_boots" },
        { "predicate": { "custom_model_data": 9 }, "model": "addon:block/cirno_fumo" },
        { "predicate": { "custom_model_data": 10 }, "model": "addon:block/flandre_fumo" },
        { "predicate": { "custom_model_data": 11 }, "model": "addon:block/koishi_fumo" },
        { "predicate": { "custom_model_data": 12 }, "model": "addon:block/marisa_fumo" },
        { "predicate": { "custom_model_data": 13 }, "model": "addon:block/reimu_fumo" },
        { "predicate": { "custom_model_data": 14 }, "model": "addon:block/sakuya_fumo" },
        { "predicate": { "custom_model_data": 15 }, "model": "addon:block/satori_fumo" },
        { "predicate": { "custom_model_data": 16 }, "model": "addon:block/youmu_fumo" },
        { "predicate": { "custom_model_data": 17 }, "model": "addon:block/yukari_fumo" },
        { "predicate": { "custom_model_data": 18 }, "model": "addon:block/yuyuko_fumo" },
        { "predicate": { "custom_model_data": 19 }, "model": "addon:block/mokou_fumo" }
    ]
}