{
	"parent": "item/generated",
	"textures": {
		"layer0": "item/stick"
	},
	"overrides": [
		{"predicate": {"custom_model_data":1}, "model": "item/wooden_pickaxe"},
		{"predicate": {"custom_model_data":2}, "model": "item/wooden_axe"},
		{"predicate": {"custom_model_data":3}, "model": "item/wooden_hoe"},
		{"predicate": {"custom_model_data":4}, "model": "item/green_dye"},
		{"predicate": {"custom_model_data":5}, "model": "item/wheat"},
		{"predicate": {"custom_model_data":6}, "model": "item/coal"},
		{"predicate": {"custom_model_data":7}, "model": "item/oak_wood"},
		{"predicate": {"custom_model_data":8}, "model": "item/stone_pickaxe"},
		{"predicate": {"custom_model_data":9}, "model": "item/stone_pickaxe"}
	]
}