{
    "credit": "Made with Blockbench",
    "ambientocclusion": false,
    "textures": {
        "particle": "#cross"
    },
    "elements": [
        {
            "from": [12, -1, -8],
            "to": [12, 31, 24],
            "faces": {
                "east": {"uv": [0, 0, 16, 16], "texture": "#cross"},
                "west": {"uv": [0, 0, 16, 16], "texture": "#cross"}
            }
        },
        {
            "from": [-8, -1, 4],
            "to": [24, 31, 4],
            "faces": {
                "north": {"uv": [0, 0, 16, 16], "texture": "#cross"},
                "south": {"uv": [0, 0, 16, 16], "texture": "#cross"}
            }
        },
        {
            "from": [-8, -1, 12],
            "to": [24, 31, 12],
            "faces": {
                "north": {"uv": [0, 0, 16, 16], "texture": "#cross"},
                "south": {"uv": [0, 0, 16, 16], "texture": "#cross"}
            }
        },
        {
            "from": [4, -1, -8],
            "to": [4, 31, 24],
            "faces": {
                "east": {"uv": [0, 0, 16, 16], "texture": "#cross"},
                "west": {"uv": [0, 0, 16, 16], "texture": "#cross"}
            }
        }
    ]
}