{
    "textures": {
        "1": "block/chain",
        "particle": "block/chain"
    },
    "elements": [
        {
            "from": [4, 0, 8],
            "to": [12, 16, 8],
            "rotation": {"angle": 45, "axis": "y", "origin": [8, 8, 8]},
            "faces": {
                "north": {"uv": [0, 0, 8, 16], "texture": "#1"},
                "east": {"uv": [0, 0, 0, 16], "texture": "#1"},
                "south": {"uv": [0, 0, 8, 16], "texture": "#1"},
                "west": {"uv": [0, 0, 0, 16], "texture": "#1"},
                "up": {"uv": [0, 0, 8, 0], "texture": "#1"},
                "down": {"uv": [0, 0, 8, 0], "texture": "#1"}
            }
        },
        {
            "from": [4, 0, 8],
            "to": [12, 16, 8],
            "rotation": {"angle": -45, "axis": "y", "origin": [8, 8, 8]},
            "faces": {
                "north": {"uv": [8, 0, 16, 16], "texture": "#1"},
                "east": {"uv": [0, 0, 0, 16], "texture": "#1"},
                "south": {"uv": [8, 0, 16, 16], "texture": "#1"},
                "west": {"uv": [0, 0, 0, 16], "texture": "#1"},
                "up": {"uv": [0, 0, 8, 0], "texture": "#1"},
                "down": {"uv": [0, 0, 8, 0], "texture": "#1"}
            }
        }
    ],
    "display": {
        "gui": {
            "rotation": [0, -90, 0]
        }
    }
}