{
	"textures": {
		"2": "block/lantern/stack_of_glowing_embers",
		"3": "block/lantern/hanging_brazier_fire",
		"particle": "conquest:block/2_advanced_refined/2_metal/old_iron_block",
		"iron": "conquest:block/2_advanced_refined/2_metal/old_iron_block"
	},
	"elements": [
		{
			"name": "Element",
			"from": [8, 1.21875, 4.53125],
			"to": [8.001, 10.21875, 11.6875],
			"shade": false,
			"rotation": {"angle": -45, "axis": "y", "origin": [8, 8.15625, 8]},
			"faces": {
				"east": {"uv": [4, 7, 11.5, 16], "texture": "#3"},
				"west": {"uv": [4, 7, 11.5, 16], "texture": "#3"}
			}
		},
		{
			"name": "Element",
			"from": [4.5, 1.06245, 8],
			"to": [11.5, 10.06245, 8.001],
			"shade": false,
			"rotation": {"angle": -45, "axis": "y", "origin": [8, 8.15625, 8]},
			"faces": {
				"north": {"uv": [4, 7, 11.5, 16], "texture": "#3"},
				"south": {"uv": [4, 7, 11.5, 16], "texture": "#3"}
			}
		},
		{
			"name": "Element",
			"from": [7.375, 1, 2.4375],
			"to": [15.5625, 1.09375, 10.84375],
			"rotation": {"angle": -45, "axis": "y", "origin": [8, 0.0625, 3.125]},
			"faces": {
				"north": {"uv": [0, 14.9375, 8, 15.9375], "texture": "#iron"},
				"east": {"uv": [5.5, 14.9375, 14, 15.9375], "texture": "#iron"},
				"south": {"uv": [8, 14.9375, 16, 15.9375], "texture": "#iron"},
				"west": {"uv": [2, 14.9375, 10.5, 15.9375], "texture": "#iron"},
				"up": {"uv": [8, 2, 16, 10.5], "texture": "#2"},
				"down": {"uv": [4, 3.5, 12, 12], "texture": "#iron"}
			}
		},
		{
			"name": "Element",
			"from": [8.375, 0.21875, 3.4375],
			"to": [14.5625, 1.03125, 9.84375],
			"rotation": {"angle": -45, "axis": "y", "origin": [8, 0.0625, 3.125]},
			"faces": {
				"north": {"uv": [0, 14.9375, 8, 15.9375], "texture": "#iron"},
				"east": {"uv": [5.5, 14.9375, 14, 15.9375], "texture": "#iron"},
				"south": {"uv": [8, 14.9375, 16, 15.9375], "texture": "#iron"},
				"west": {"uv": [2, 14.9375, 10.5, 15.9375], "texture": "#iron"},
				"up": {"uv": [8, 2, 16, 10.5], "texture": "#2"},
				"down": {"uv": [4, 3.5, 12, 12], "texture": "#iron"}
			}
		},
		{
			"name": "Element",
			"from": [5.5, 0.98125, 12],
			"to": [10.5, 1.98125, 14],
			"rotation": {"angle": 45, "axis": "y", "origin": [8, 2.3125, 8]},
			"faces": {
				"north": {"uv": [5, 13, 10, 14], "texture": "#iron"},
				"east": {"uv": [1.25736, 14.5, 3.75736, 15.5], "texture": "#iron"},
				"south": {"uv": [5, 13, 10, 14], "texture": "#iron"},
				"west": {"uv": [12.24264, 14.5, 14.74264, 15.5], "texture": "#iron"},
				"up": {"uv": [3.5, 11, 8.5, 13.5], "texture": "#iron"},
				"down": {"uv": [5, 2.5, 10, 5], "texture": "#iron"}
			}
		},
		{
			"name": "Element",
			"from": [12, 0.98995, 5.5],
			"to": [14, 1.98995, 10.5],
			"faces": {
				"north": {"uv": [2, 13, 4, 14], "texture": "#iron"},
				"east": {"uv": [5.5, 13, 10.5, 14], "texture": "#iron"},
				"south": {"uv": [12, 13, 14, 14], "texture": "#iron"},
				"west": {"uv": [5, 13, 10, 14], "texture": "#iron"},
				"up": {"uv": [4.5, 5, 2.5, 10], "texture": "#iron"},
				"down": {"uv": [14, 5.5, 16, 10.5], "texture": "#iron"}
			}
		},
		{
			"name": "Element",
			"from": [12, 0.98125, 5.5],
			"to": [14, 1.98125, 10.5],
			"rotation": {"angle": 45, "axis": "y", "origin": [8, 2.3125, 8]},
			"faces": {
				"north": {"uv": [4.79289, 14.5, 7.29289, 15.5], "texture": "#iron"},
				"east": {"uv": [5, 13, 10, 14], "texture": "#iron"},
				"south": {"uv": [8.70711, 14.5, 11.20711, 15.5], "texture": "#iron"},
				"west": {"uv": [5, 13, 10, 14], "texture": "#iron"},
				"up": {"uv": [4.5, 5, 2.5, 10], "texture": "#iron"},
				"down": {"uv": [11, 4.5, 13.5, 9.5], "texture": "#iron"}
			}
		},
		{
			"name": "Element",
			"from": [5.5, 0.99, 2],
			"to": [10.5, 1.99, 4],
			"faces": {
				"north": {"uv": [5, 13, 10, 14], "texture": "#iron"},
				"east": {"uv": [5.5, 13, 10.5, 14], "texture": "#iron"},
				"south": {"uv": [5, 13, 10, 14], "texture": "#iron"},
				"west": {"uv": [5.5, 13, 10.5, 14], "texture": "#iron"},
				"up": {"uv": [4.5, 5, 2.5, 10], "rotation": 270, "texture": "#iron"},
				"down": {"uv": [11.5, 4.5, 13.5, 9.5], "rotation": 270, "texture": "#iron"}
			}
		},
		{
			"name": "Element",
			"from": [5.5, 0.98125, 2],
			"to": [10.5, 1.98125, 4],
			"rotation": {"angle": 45, "axis": "y", "origin": [8, 2.3125, 8]},
			"faces": {
				"north": {"uv": [5, 13, 10, 14], "texture": "#iron"},
				"east": {"uv": [7.97487, 14.5, 10.47487, 15.5], "texture": "#iron"},
				"south": {"uv": [5, 13, 10, 14], "texture": "#iron"},
				"west": {"uv": [5.52513, 14.5, 8.02513, 15.5], "texture": "#iron"},
				"up": {"uv": [4.5, 5, 2.5, 10], "rotation": 270, "texture": "#iron"},
				"down": {"uv": [5, 5, 10, 2.5], "texture": "#iron"}
			}
		},
		{
			"name": "Element",
			"from": [2, 0.99005, 5.5],
			"to": [4, 1.99005, 10.5],
			"faces": {
				"north": {"uv": [2, 13, 4, 14], "texture": "#iron"},
				"east": {"uv": [5.5, 13, 10.5, 14], "texture": "#iron"},
				"south": {"uv": [12, 13, 14, 14], "texture": "#iron"},
				"west": {"uv": [5.5, 13, 10.5, 14], "texture": "#iron"},
				"up": {"uv": [2.5, 5, 4.5, 10], "texture": "#iron"},
				"down": {"uv": [16, 5.5, 14, 10.5], "texture": "#iron"}
			}
		},
		{
			"name": "Element",
			"from": [2, 0.98125, 5.5],
			"to": [4, 1.98125, 10.5],
			"rotation": {"angle": 45, "axis": "y", "origin": [8, 2.3125, 8]},
			"faces": {
				"north": {"uv": [11.51041, 14.5, 14.01041, 15.5], "texture": "#iron"},
				"east": {"uv": [5, 13, 10, 14], "texture": "#iron"},
				"south": {"uv": [1.98959, 14.5, 4.48959, 15.5], "texture": "#iron"},
				"west": {"uv": [5, 13, 10, 14], "texture": "#iron"},
				"up": {"uv": [2.5, 5, 4.5, 10], "texture": "#iron"},
				"down": {"uv": [2.5, 4.5, 5, 9.5], "texture": "#iron"}
			}
		},
		{
			"name": "Element",
			"from": [5.5, 0.98995, 12],
			"to": [10.5, 1.98995, 14],
			"faces": {
				"north": {"uv": [5, 13, 10, 14], "texture": "#iron"},
				"east": {"uv": [5.5, 13, 10.5, 14], "texture": "#iron"},
				"south": {"uv": [12, 13, 14, 14], "texture": "#iron"},
				"west": {"uv": [5.5, 13, 8, 14], "texture": "#iron"},
				"up": {"uv": [2.5, 5, 4.5, 10], "rotation": 270, "texture": "#iron"},
				"down": {"uv": [16, 5.5, 14, 10.5], "rotation": 270, "texture": "#iron"}
			}
		}
	],
	"display": {
		"thirdperson_righthand": {
			"rotation": [88, 8, 3],
			"translation": [0.6956, -1.39, -3.478],
			"scale": [0.6, 0.6, 0.6]
		},
		"thirdperson_lefthand": {
			"rotation": [88, 8, 3],
			"translation": [0.6956, -1.39, -3.478],
			"scale": [0.6, 0.6, 0.6]
		},
		"firstperson_righthand": {
			"translation": [0, 2.0869, 0],
			"scale": [0.4, 0.4, 0.4]
		},
		"firstperson_lefthand": {
			"translation": [0, 2.0869, 0],
			"scale": [0.4, 0.4, 0.4]
		},
		"gui": {
			"rotation": [19, 44, 0],
			"scale": [0.5, 0.5, 0.5]
		},
		"head": {
			"rotation": [0, 11, 0],
			"translation": [12.52, -33.37, -0.695],
			"scale": [0.0001, 0.0001, 0.0001]
		},
		"fixed": {
			"rotation": [0, 34, 0],
			"translation": [0, 0.6956, -12.52],
			"scale": [2, 2, 2]
		}
	}
}