{
	"credit": "Made with Blockbench",
	"texture_size": [32, 32],
	"textures": {
		"0": "addon:block/flandre_fumo"
	},
	"elements": [
		{
			"from": [7.87624, 5.944, 7.2],
			"to": [10.87624, 6.944, 8.2],
			"rotation": {"angle": -45, "axis": "z", "origin": [5.07624, 3.344, 8.1]},
			"faces": {
				"north": {"uv": [12.5, 3, 14, 3.5], "texture": "#0"},
				"east": {"uv": [9, 7.5, 9.5, 8], "texture": "#0"},
				"south": {"uv": [8.5, 12.5, 10, 13], "texture": "#0"},
				"west": {"uv": [9, 10, 9.5, 10.5], "texture": "#0"},
				"up": {"uv": [11.5, 13, 10, 12.5], "texture": "#0"},
				"down": {"uv": [13, 12.5, 11.5, 13], "texture": "#0"}
			}
		},
		{
			"from": [7.87624, 5.894, 7.1],
			"to": [8.87624, 6.994, 8.3],
			"rotation": {"angle": -45, "axis": "z", "origin": [5.07624, 3.344, 8.1]},
			"faces": {
				"north": {"uv": [0, 15.5, 0.5, 16], "texture": "#0"},
				"east": {"uv": [13.25, 14.25, 13.75, 14.75], "texture": "#0"},
				"south": {"uv": [1.25, 15.5, 1.75, 16], "texture": "#0"},
				"west": {"uv": [2.75, 15.5, 3.25, 16], "texture": "#0"},
				"up": {"uv": [6.75, 16, 6.25, 15.5], "texture": "#0"},
				"down": {"uv": [11.5, 15, 11, 15.5], "texture": "#0"}
			}
		},
		{
			"from": [7.12376, 5.894, 7.1],
			"to": [8.12376, 6.994, 8.3],
			"rotation": {"angle": 45, "axis": "z", "origin": [10.92376, 3.344, 8.1]},
			"faces": {
				"north": {"uv": [0.5, 15.5, 0, 16], "texture": "#0"},
				"east": {"uv": [3.25, 15.5, 2.75, 16], "texture": "#0"},
				"south": {"uv": [1.75, 15.5, 1.25, 16], "texture": "#0"},
				"west": {"uv": [13.75, 14.25, 13.25, 14.75], "texture": "#0"},
				"up": {"uv": [6.25, 16, 6.75, 15.5], "texture": "#0"},
				"down": {"uv": [11, 15, 11.5, 15.5], "texture": "#0"}
			}
		},
		{
			"from": [5.12376, 5.944, 7.2],
			"to": [8.12376, 6.944, 8.2],
			"rotation": {"angle": 45, "axis": "z", "origin": [10.92376, 3.344, 8.1]},
			"faces": {
				"north": {"uv": [1.5, 13, 3, 13.5], "texture": "#0"},
				"east": {"uv": [1.5, 10.5, 2, 11], "texture": "#0"},
				"south": {"uv": [3, 13, 4.5, 13.5], "texture": "#0"},
				"west": {"uv": [1.5, 11, 2, 11.5], "texture": "#0"},
				"up": {"uv": [14.5, 4, 13, 3.5], "texture": "#0"},
				"down": {"uv": [14.5, 4, 13, 4.5], "texture": "#0"}
			}
		},
		{
			"from": [5.5, 4, 6],
			"to": [10.5, 9, 10],
			"rotation": {"angle": 0, "axis": "y", "origin": [7.5, -1, 8]},
			"faces": {
				"north": {"uv": [3, 0, 5.5, 2.5], "texture": "#0"},
				"east": {"uv": [0, 6, 2, 8.5], "texture": "#0"},
				"south": {"uv": [3, 2.5, 5.5, 5], "texture": "#0"},
				"west": {"uv": [8, 0, 10, 2.5], "texture": "#0"},
				"up": {"uv": [4.5, 10, 2, 8], "texture": "#0"},
				"down": {"uv": [7, 8, 4.5, 10], "texture": "#0"}
			}
		},
		{
			"from": [5.4, 7.5, 5.9],
			"to": [10.6, 9.1, 10.1],
			"rotation": {"angle": 0, "axis": "y", "origin": [7.5, -1, 8]},
			"faces": {
				"north": {"uv": [11.5, 9.5, 14, 10.25], "texture": "#0"},
				"east": {"uv": [12, 6.5, 14, 7.25], "texture": "#0"},
				"south": {"uv": [12, 0, 14.5, 0.75], "texture": "#0"},
				"west": {"uv": [12, 7.5, 14, 8.25], "texture": "#0"},
				"up": {"uv": [9.5, 10, 7, 8], "texture": "#0"},
				"down": {"uv": [11, 2.5, 8.5, 4.5], "texture": "#0"}
			}
		},
		{
			"name": "2",
			"from": [5.25, 3.75, 5.75],
			"to": [10.75, 9.25, 10.25],
			"rotation": {"angle": 0, "axis": "y", "origin": [7.5, -1, 8]},
			"faces": {
				"north": {"uv": [0, 0, 2.5, 2.5], "texture": "#0"},
				"east": {"uv": [3, 5, 5, 7.5], "texture": "#0"},
				"south": {"uv": [0, 3, 2.5, 5.5], "texture": "#0"},
				"west": {"uv": [5.5, 0, 7.5, 2.5], "texture": "#0"},
				"up": {"uv": [8, 5, 5.5, 3], "texture": "#0"},
				"down": {"uv": [8, 5.5, 5.5, 7.5], "texture": "#0"}
			}
		},
		{
			"from": [6.5, 0.3, 7],
			"to": [9.5, 4, 9],
			"rotation": {"angle": 0, "axis": "y", "origin": [7.5, -1, 8]},
			"faces": {
				"north": {"uv": [0, 10.5, 1.5, 12.25], "texture": "#0"},
				"east": {"uv": [2, 6, 3, 7.75], "texture": "#0"},
				"south": {"uv": [9, 10.5, 10.5, 12.25], "texture": "#0"},
				"west": {"uv": [7.5, 11.5, 8.5, 13.25], "texture": "#0"},
				"up": {"uv": [13.5, 11.5, 12, 10.5], "texture": "#0"},
				"down": {"uv": [13.5, 11.5, 12, 12.5], "texture": "#0"}
			}
		},
		{
			"from": [6.25, 0.3, 6.75],
			"to": [9.75, 4, 9.25],
			"rotation": {"angle": 0, "axis": "y", "origin": [7.5, -1, 8]},
			"faces": {
				"north": {"uv": [0, 8.5, 1.5, 10], "texture": "#0"},
				"east": {"uv": [10.5, 10.5, 11.5, 12], "texture": "#0"},
				"south": {"uv": [9.5, 8.5, 11, 10], "texture": "#0"},
				"west": {"uv": [11, 1.5, 12, 3], "texture": "#0"},
				"up": {"uv": [12.5, 4.5, 11, 3.5], "texture": "#0"},
				"down": {"uv": [12.5, 5, 11, 6], "texture": "#0"}
			}
		},
		{
			"from": [6, 0, 6.5],
			"to": [10, 2, 9.5],
			"rotation": {"angle": 0, "axis": "y", "origin": [7.5, -1, 8]},
			"faces": {
				"north": {"uv": [5.5, 11.5, 7.5, 12.5], "texture": "#0"},
				"east": {"uv": [0, 12.5, 1.5, 13.5], "texture": "#0"},
				"south": {"uv": [11.5, 8.5, 13.5, 9.5], "texture": "#0"},
				"west": {"uv": [12.5, 1, 14, 2], "texture": "#0"},
				"up": {"uv": [12, 1.5, 10, 0], "texture": "#0"},
				"down": {"uv": [4, 10, 2, 11.5], "texture": "#0"}
			}
		},
		{
			"from": [5.75, -0.25, 6.25],
			"to": [10.25, 2.25, 9.75],
			"rotation": {"angle": 0, "axis": "y", "origin": [7.5, -1, 8]},
			"faces": {
				"north": {"uv": [4, 10, 6, 11], "texture": "#0"},
				"east": {"uv": [1.5, 11.5, 3, 12.5], "texture": "#0"},
				"south": {"uv": [6.5, 10, 8.5, 11], "texture": "#0"},
				"west": {"uv": [3.5, 11.5, 5, 12.5], "texture": "#0"},
				"up": {"uv": [10.5, 6, 8.5, 4.5], "texture": "#0"},
				"down": {"uv": [11.5, 6.5, 9.5, 8], "texture": "#0"}
			}
		},
		{
			"from": [7.15, 0.1, 4.7],
			"to": [8.15, 1, 7.7],
			"rotation": {"angle": 22.5, "axis": "y", "origin": [8.5, 0, 8.7]},
			"faces": {
				"north": {"uv": [8.5, 11.5, 9, 12], "texture": "#0"},
				"east": {"uv": [13, 4.5, 14.5, 5], "texture": "#0"},
				"south": {"uv": [12, 1, 12.5, 1.5], "texture": "#0"},
				"west": {"uv": [13, 5, 14.5, 5.5], "texture": "#0"},
				"up": {"uv": [7, 14, 6.5, 12.5], "texture": "#0"},
				"down": {"uv": [7.5, 12.5, 7, 14], "texture": "#0"}
			}
		},
		{
			"from": [7.85, 0.1, 4.7],
			"to": [8.85, 1, 7.7],
			"rotation": {"angle": -22.5, "axis": "y", "origin": [7.5, 0, 8.7]},
			"faces": {
				"north": {"uv": [8.5, 12, 9, 12.5], "texture": "#0"},
				"east": {"uv": [13, 5.5, 14.5, 6], "texture": "#0"},
				"south": {"uv": [1, 13.5, 1.5, 14], "texture": "#0"},
				"west": {"uv": [13, 6, 14.5, 6.5], "texture": "#0"},
				"up": {"uv": [5, 14.5, 4.5, 13], "texture": "#0"},
				"down": {"uv": [5.5, 13, 5, 14.5], "texture": "#0"}
			}
		},
		{
			"from": [7.05, -0.1, 4.6],
			"to": [8.25, 1.1, 5.6],
			"rotation": {"angle": 22.5, "axis": "y", "origin": [8.5, 0, 8.7]},
			"faces": {
				"north": {"uv": [1.5, 13.5, 2, 14], "texture": "#0"},
				"east": {"uv": [2, 13.5, 2.5, 14], "texture": "#0"},
				"south": {"uv": [13.5, 2, 14, 2.5], "texture": "#0"},
				"west": {"uv": [2.5, 13.5, 3, 14], "texture": "#0"},
				"up": {"uv": [14, 3, 13.5, 2.5], "texture": "#0"},
				"down": {"uv": [3.5, 13.5, 3, 14], "texture": "#0"}
			}
		},
		{
			"from": [7.75, -0.1, 4.6],
			"to": [8.95, 1.1, 5.6],
			"rotation": {"angle": -22.5, "axis": "y", "origin": [7.5, 0, 8.7]},
			"faces": {
				"north": {"uv": [3.5, 13.5, 4, 14], "texture": "#0"},
				"east": {"uv": [4, 13.5, 4.5, 14], "texture": "#0"},
				"south": {"uv": [5.5, 13.5, 6, 14], "texture": "#0"},
				"west": {"uv": [6, 13.5, 6.5, 14], "texture": "#0"},
				"up": {"uv": [8, 14, 7.5, 13.5], "texture": "#0"},
				"down": {"uv": [8.5, 13.5, 8, 14], "texture": "#0"}
			}
		},
		{
			"from": [7.6694, 3.3284, 6.4604],
			"to": [8.3306, 3.9896, 7.1216],
			"rotation": {"angle": 0, "axis": "y", "origin": [7.6694, 0, 8]},
			"faces": {
				"north": {"uv": [14, 7.5, 14.25, 7.75], "texture": "#0"},
				"east": {"uv": [8, 14, 8.25, 14.25], "texture": "#0"},
				"south": {"uv": [14, 8, 14.25, 8.25], "texture": "#0"},
				"west": {"uv": [14, 8.5, 14.25, 8.75], "texture": "#0"},
				"up": {"uv": [14.25, 9.25, 14, 9], "texture": "#0"},
				"down": {"uv": [9.75, 14, 9.5, 14.25], "texture": "#0"}
			}
		},
		{
			"from": [7.5194, 2.4784, 6.7604],
			"to": [8.4806, 3.4896, 6.7604],
			"rotation": {"angle": 0, "axis": "y", "origin": [7.6694, 0, 8]},
			"faces": {
				"north": {"uv": [13.5, 8.5, 14, 9], "texture": "#0"},
				"east": {"uv": [0, 0, 0, 0.5], "texture": "#0"},
				"south": {"uv": [13.5, 9, 14, 9.5], "texture": "#0"},
				"west": {"uv": [0, 0, 0, 0.5], "texture": "#0"},
				"up": {"uv": [0.5, 0, 0, 0], "texture": "#0"},
				"down": {"uv": [0.5, 0, 0, 0], "texture": "#0"}
			}
		},
		{
			"from": [5, 4.9, 7.5],
			"to": [5.5, 7.9, 8.5],
			"faces": {
				"north": {"uv": [0, 13.5, 0.25, 15], "texture": "#0"},
				"east": {"uv": [8.5, 13, 9, 14.5], "texture": "#0"},
				"south": {"uv": [0.5, 13.5, 0.75, 15], "texture": "#0"},
				"west": {"uv": [9, 13, 9.5, 14.5], "texture": "#0"},
				"up": {"uv": [14.25, 1.5, 14, 1], "texture": "#0"},
				"down": {"uv": [1.75, 14, 1.5, 14.5], "texture": "#0"}
			}
		},
		{
			"from": [4.85, 7.3, 7.6],
			"to": [5.85, 8.1, 8.4],
			"faces": {
				"north": {"uv": [9.5, 13.5, 10, 14], "texture": "#0"},
				"east": {"uv": [10, 13.5, 10.5, 14], "texture": "#0"},
				"south": {"uv": [10.5, 13.5, 11, 14], "texture": "#0"},
				"west": {"uv": [13.5, 10.5, 14, 11], "texture": "#0"},
				"up": {"uv": [11.5, 14, 11, 13.5], "texture": "#0"},
				"down": {"uv": [14, 11, 13.5, 11.5], "texture": "#0"}
			}
		},
		{
			"from": [5.225, 6.25, 5.75],
			"to": [5.225, 8.25, 7.75],
			"faces": {
				"north": {"uv": [0, 0, 0, 1], "texture": "#0"},
				"east": {"uv": [8.5, 6.5, 9.5, 7.5], "texture": "#0"},
				"south": {"uv": [0, 0, 0, 1], "texture": "#0"},
				"west": {"uv": [10, 1.5, 11, 2.5], "texture": "#0"},
				"up": {"uv": [0, 1, 0, 0], "texture": "#0"},
				"down": {"uv": [0, 0, 0, 1], "texture": "#0"}
			}
		},
		{
			"from": [5.225, 6.25, 8.25],
			"to": [5.225, 8.25, 10.25],
			"faces": {
				"north": {"uv": [0, 0, 0, 1], "texture": "#0"},
				"east": {"uv": [12.5, 2, 13.5, 3], "texture": "#0"},
				"south": {"uv": [0, 0, 0, 1], "texture": "#0"},
				"west": {"uv": [5.5, 12.5, 6.5, 13.5], "texture": "#0"},
				"up": {"uv": [0, 1, 0, 0], "texture": "#0"},
				"down": {"uv": [0, 0, 0, 1], "texture": "#0"}
			}
		},
		{
			"from": [3.25, 5, 9],
			"to": [6.25, 5.75, 9],
			"rotation": {"angle": -22.5, "axis": "z", "origin": [0, 0, 0]},
			"faces": {
				"north": {"uv": [9.5, 13, 11, 13.5], "texture": "#0"},
				"east": {"uv": [0, 0, 0, 0.5], "texture": "#0"},
				"south": {"uv": [11, 13, 12.5, 13.5], "texture": "#0"},
				"west": {"uv": [0, 0, 0, 0.5], "texture": "#0"},
				"up": {"uv": [1.5, 0, 0, 0], "texture": "#0"},
				"down": {"uv": [1.5, 0, 0, 0], "texture": "#0"}
			}
		},
		{
			"from": [9.75, 5, 9],
			"to": [12.75, 5.75, 9],
			"rotation": {"angle": 22.5, "axis": "z", "origin": [16, 0, 0]},
			"faces": {
				"north": {"uv": [12.5, 13, 14, 13.5], "texture": "#0"},
				"east": {"uv": [0, 0, 0, 0.5], "texture": "#0"},
				"south": {"uv": [13, 12.5, 14.5, 13], "texture": "#0"},
				"west": {"uv": [0, 0, 0, 0.5], "texture": "#0"},
				"up": {"uv": [1.5, 0, 0, 0], "texture": "#0"},
				"down": {"uv": [1.5, 0, 0, 0], "texture": "#0"}
			}
		},
		{
			"from": [5.25, 2.25, 9],
			"to": [5.75, 3, 9],
			"faces": {
				"north": {"uv": [14, 1.5, 14.25, 2], "texture": "#0"},
				"east": {"uv": [0, 0, 0, 0.5], "texture": "#0"},
				"south": {"uv": [2, 14, 2.25, 14.5], "texture": "#0"},
				"west": {"uv": [0, 0, 0, 0.5], "texture": "#0"},
				"up": {"uv": [0.25, 0, 0, 0], "texture": "#0"},
				"down": {"uv": [0.25, 0, 0, 0], "texture": "#0"}
			}
		},
		{
			"from": [6, 2, 9],
			"to": [6.5, 2.75, 9],
			"faces": {
				"north": {"uv": [14, 2, 14.25, 2.5], "texture": "#0"},
				"east": {"uv": [0, 0, 0, 0.5], "texture": "#0"},
				"south": {"uv": [2.5, 14, 2.75, 14.5], "texture": "#0"},
				"west": {"uv": [0, 0, 0, 0.5], "texture": "#0"},
				"up": {"uv": [0.25, 0, 0, 0], "texture": "#0"},
				"down": {"uv": [0.25, 0, 0, 0], "texture": "#0"}
			}
		},
		{
			"from": [9.5, 2, 9],
			"to": [10, 2.75, 9],
			"rotation": {"angle": 0, "axis": "y", "origin": [16, 0, 0]},
			"faces": {
				"north": {"uv": [14, 2.5, 14.25, 3], "texture": "#0"},
				"east": {"uv": [0, 0, 0, 0.5], "texture": "#0"},
				"south": {"uv": [3, 14, 3.25, 14.5], "texture": "#0"},
				"west": {"uv": [0, 0, 0, 0.5], "texture": "#0"},
				"up": {"uv": [0.25, 0, 0, 0], "texture": "#0"},
				"down": {"uv": [0.25, 0, 0, 0], "texture": "#0"}
			}
		},
		{
			"from": [10.25, 2.25, 9],
			"to": [10.75, 3, 9],
			"rotation": {"angle": 0, "axis": "y", "origin": [16, 0, 0]},
			"faces": {
				"north": {"uv": [6, 14, 6.25, 14.5], "texture": "#0"},
				"east": {"uv": [0, 0, 0, 0.5], "texture": "#0"},
				"south": {"uv": [6.5, 14, 6.75, 14.5], "texture": "#0"},
				"west": {"uv": [0, 0, 0, 0.5], "texture": "#0"},
				"up": {"uv": [0.25, 0, 0, 0], "texture": "#0"},
				"down": {"uv": [0.25, 0, 0, 0], "texture": "#0"}
			}
		},
		{
			"from": [7.6, 2.975, 9],
			"to": [8.4, 3.775, 9.5],
			"faces": {
				"north": {"uv": [11.5, 13.5, 12, 14], "texture": "#0"},
				"east": {"uv": [14, 6.5, 14.25, 7], "texture": "#0"},
				"south": {"uv": [13.5, 11.5, 14, 12], "texture": "#0"},
				"west": {"uv": [7, 14, 7.25, 14.5], "texture": "#0"},
				"up": {"uv": [14.5, 7.25, 14, 7], "texture": "#0"},
				"down": {"uv": [8, 14, 7.5, 14.25], "texture": "#0"}
			}
		},
		{
			"from": [6.6, 2.9, 9.35],
			"to": [7.6, 3.9, 9.35],
			"faces": {
				"north": {"uv": [12, 13.5, 12.5, 14], "texture": "#0"},
				"east": {"uv": [0, 0, 0, 0.5], "texture": "#0"},
				"south": {"uv": [13.5, 12, 14, 12.5], "texture": "#0"},
				"west": {"uv": [0, 0, 0, 0.5], "texture": "#0"},
				"up": {"uv": [0.5, 0, 0, 0], "texture": "#0"},
				"down": {"uv": [0.5, 0, 0, 0], "texture": "#0"}
			}
		},
		{
			"from": [8.3, 2.9, 9.25],
			"to": [9.3, 3.9, 9.25],
			"rotation": {"angle": 0, "axis": "y", "origin": [16, 0, 0]},
			"faces": {
				"north": {"uv": [12.5, 13.5, 13, 14], "texture": "#0"},
				"east": {"uv": [0, 0, 0, 0.5], "texture": "#0"},
				"south": {"uv": [13, 13.5, 13.5, 14], "texture": "#0"},
				"west": {"uv": [0, 0, 0, 0.5], "texture": "#0"},
				"up": {"uv": [0.5, 0, 0, 0], "texture": "#0"},
				"down": {"uv": [0.5, 0, 0, 0], "texture": "#0"}
			}
		},
		{
			"from": [5.5, 4.8, 9.25],
			"to": [6.25, 5.8, 9.25],
			"rotation": {"angle": -22.5, "axis": "z", "origin": [0, 0, 0]},
			"faces": {
				"north": {"uv": [13.5, 13.5, 14, 14], "texture": "#0"},
				"east": {"uv": [0, 0, 0, 0.5], "texture": "#0"},
				"south": {"uv": [1, 14, 1.5, 14.5], "texture": "#0"},
				"west": {"uv": [0, 0, 0, 0.5], "texture": "#0"},
				"up": {"uv": [0.5, 0, 0, 0], "texture": "#0"},
				"down": {"uv": [0.5, 0, 0, 0], "texture": "#0"}
			}
		},
		{
			"from": [9.75, 4.8, 9.225],
			"to": [10.5, 5.8, 9.225],
			"rotation": {"angle": 22.5, "axis": "z", "origin": [16, 0, 0]},
			"faces": {
				"north": {"uv": [8, 2.5, 8.5, 3], "texture": "#0"},
				"east": {"uv": [0, 0, 0, 0.5], "texture": "#0"},
				"south": {"uv": [8.5, 7.5, 9, 8], "texture": "#0"},
				"west": {"uv": [0, 0, 0, 0.5], "texture": "#0"},
				"up": {"uv": [0.5, 0, 0, 0], "texture": "#0"},
				"down": {"uv": [0.5, 0, 0, 0], "texture": "#0"}
			}
		}
	],
	"display": {
		"thirdperson_righthand": {
			"rotation": [0, -180, 0],
			"translation": [0, 3.75, 1.5],
			"scale": [0.5, 0.5, 0.5]
		},
		"thirdperson_lefthand": {
			"rotation": [0, -180, 0],
			"translation": [0, 3.75, 1.5],
			"scale": [0.5, 0.5, 0.5]
		},
		"firstperson_righthand": {
			"rotation": [0, 120, 0],
			"translation": [0.5, 5.75, 0]
		},
		"firstperson_lefthand": {
			"rotation": [0, 120, 0],
			"translation": [0.5, 5.75, 0]
		},
		"ground": {
			"translation": [0, 4, 0]
		},
		"gui": {
			"rotation": [30, -150, 0],
			"translation": [0, 3.5, 0],
			"scale": [1.2, 1.2, 1.2]
		},
		"head": {
			"translation": [0, 18, 0],
			"scale": [1.5, 1.5, 1.5]
		},
		"fixed": {
			"rotation": [-90, 0, 0],
			"translation": [0, 2, -20],
			"scale": [2.5, 2.5, 2.5]
		}
	},
	"groups": [
		{
			"name": "hand",
			"origin": [0, 0, 0],
			"color": 0,
			"children": [0, 1, 2, 3]
		},
		{
			"name": "body",
			"origin": [-0.5, 0, 0],
			"color": 0,
			"children": [4, 5, 6, 7, 8, 9, 10]
		},
		{
			"name": "legs",
			"origin": [-0.5, 0, 0],
			"color": 0,
			"children": [11, 12, 13, 14]
		},
		{
			"name": "face",
			"origin": [-0.5, 0, 0],
			"color": 0,
			"children": [15, 16, 17, 18, 19, 20]
		},
		{
			"name": "group",
			"origin": [8, 8, 8],
			"color": 0,
			"children": [21, 22, 23, 24, 25, 26, 27, 28, 29, 30, 31]
		}
	]
}