{
	"credit": "Made with Blockbench",
	"texture_size": [64, 64],
	"textures": {
		"0": "addon:block/koishi_fumo"
	},
	"elements": [
		{
			"from": [7.87624, 5.944, 7.1],
			"to": [10.87624, 6.944, 8.1],
			"rotation": {"angle": -45, "axis": "z", "origin": [5.07624, 3.344, 8]},
			"faces": {
				"north": {"uv": [2.75, 4.25, 3.5, 4.5], "texture": "#0"},
				"east": {"uv": [6, 4.25, 6.25, 4.5], "texture": "#0"},
				"south": {"uv": [6.75, 1.75, 7.5, 2], "texture": "#0"},
				"west": {"uv": [6.25, 5.25, 6.5, 5.5], "texture": "#0"},
				"up": {"uv": [7.5, 2.25, 6.75, 2], "texture": "#0"},
				"down": {"uv": [7.5, 2.25, 6.75, 2.5], "texture": "#0"}
			}
		},
		{
			"from": [5.12376, 5.944, 7.1],
			"to": [8.12376, 6.944, 8.1],
			"rotation": {"angle": 45, "axis": "z", "origin": [10.92376, 3.344, 8]},
			"faces": {
				"north": {"uv": [6.75, 2.5, 7.5, 2.75], "texture": "#0"},
				"east": {"uv": [7, 3.75, 7.25, 4], "texture": "#0"},
				"south": {"uv": [6.75, 2.75, 7.5, 3], "texture": "#0"},
				"west": {"uv": [4, 7, 4.25, 7.25], "texture": "#0"},
				"up": {"uv": [7.5, 3.25, 6.75, 3], "texture": "#0"},
				"down": {"uv": [7.5, 3.25, 6.75, 3.5], "texture": "#0"}
			}
		},
		{
			"from": [5.32376, 5.744, 6.9],
			"to": [6.32376, 7.094, 8.3],
			"rotation": {"angle": 45, "axis": "z", "origin": [10.92376, 3.344, 8]},
			"faces": {
				"north": {"uv": [1.25, 4.25, 1.5, 4.625], "texture": "#0"},
				"east": {"uv": [7, 0.25, 7.375, 0.625], "texture": "#0"},
				"south": {"uv": [1, 5.25, 1.25, 5.625], "texture": "#0"},
				"west": {"uv": [0.75, 7, 1.125, 7.375], "texture": "#0"},
				"up": {"uv": [6, 1.875, 5.75, 1.5], "texture": "#0"},
				"down": {"uv": [2, 7, 1.75, 7.375], "texture": "#0"}
			}
		},
		{
			"from": [9.67624, 5.744, 6.9],
			"to": [10.67624, 7.094, 8.3],
			"rotation": {"angle": -45, "axis": "z", "origin": [5.07624, 3.344, 8]},
			"faces": {
				"north": {"uv": [2, 7, 2.25, 7.375], "texture": "#0"},
				"east": {"uv": [7, 0.75, 7.375, 1.125], "texture": "#0"},
				"south": {"uv": [2.25, 7, 2.5, 7.375], "texture": "#0"},
				"west": {"uv": [1.25, 7, 1.625, 7.375], "texture": "#0"},
				"up": {"uv": [2.75, 7.375, 2.5, 7], "texture": "#0"},
				"down": {"uv": [3, 7, 2.75, 7.375], "texture": "#0"}
			}
		},
		{
			"from": [5.5, 4, 6],
			"to": [10.5, 8, 10],
			"rotation": {"angle": 0, "axis": "y", "origin": [7.5, -1, 8]},
			"faces": {
				"north": {"uv": [3.5, 2.5, 4.75, 3.5], "texture": "#0"},
				"east": {"uv": [4.75, 0, 5.75, 1], "texture": "#0"},
				"south": {"uv": [3.5, 3.5, 4.75, 4.5], "texture": "#0"},
				"west": {"uv": [4.75, 1, 5.75, 2], "texture": "#0"},
				"up": {"uv": [2.75, 4.75, 1.5, 3.75], "texture": "#0"},
				"down": {"uv": [1.25, 4.25, 0, 5.25], "texture": "#0"}
			}
		},
		{
			"name": "2",
			"from": [5.25, 3.75, 5.75],
			"to": [10.75, 8.25, 10.25],
			"rotation": {"angle": 0, "axis": "y", "origin": [7.5, -1, 8]},
			"faces": {
				"north": {"uv": [2, 0, 3.25, 1], "texture": "#0"},
				"east": {"uv": [3.5, 0, 4.5, 1], "texture": "#0"},
				"south": {"uv": [2, 1.25, 3.25, 2.25], "texture": "#0"},
				"west": {"uv": [3.5, 1.25, 4.5, 2.25], "texture": "#0"},
				"up": {"uv": [3.25, 3.5, 2, 2.5], "texture": "#0"},
				"down": {"uv": [1.25, 3, 0, 4], "texture": "#0"}
			}
		},
		{
			"from": [6.5, 0.3, 7],
			"to": [9.5, 4, 9],
			"rotation": {"angle": 0, "axis": "y", "origin": [7.5, -1, 8]},
			"faces": {
				"north": {"uv": [1, 5.75, 1.75, 6.625], "texture": "#0"},
				"east": {"uv": [5.5, 6.25, 6, 7.125], "texture": "#0"},
				"south": {"uv": [1.75, 5.75, 2.5, 6.625], "texture": "#0"},
				"west": {"uv": [6, 6.25, 6.5, 7.125], "texture": "#0"},
				"up": {"uv": [3.5, 4.25, 2.75, 3.75], "texture": "#0"},
				"down": {"uv": [7.25, 5.25, 6.5, 5.75], "texture": "#0"}
			}
		},
		{
			"from": [6.25, 0.3, 6.75],
			"to": [9.75, 4, 9.25],
			"rotation": {"angle": 0, "axis": "y", "origin": [7.5, -1, 8]},
			"faces": {
				"north": {"uv": [0, 5.25, 0.75, 6], "texture": "#0"},
				"east": {"uv": [6, 1.5, 6.5, 2.25], "texture": "#0"},
				"south": {"uv": [5.25, 4.5, 6, 5.25], "texture": "#0"},
				"west": {"uv": [6, 2.5, 6.5, 3.25], "texture": "#0"},
				"up": {"uv": [6.75, 4, 6, 3.5], "texture": "#0"},
				"down": {"uv": [0.75, 6.25, 0, 6.75], "texture": "#0"}
			}
		},
		{
			"from": [6, 0, 6.5],
			"to": [10, 2, 9.5],
			"rotation": {"angle": 0, "axis": "y", "origin": [7.5, -1, 8]},
			"faces": {
				"north": {"uv": [6.25, 4.25, 7.25, 4.75], "texture": "#0"},
				"east": {"uv": [6.5, 5.75, 7.25, 6.25], "texture": "#0"},
				"south": {"uv": [4.5, 6.25, 5.5, 6.75], "texture": "#0"},
				"west": {"uv": [6.5, 6.25, 7.25, 6.75], "texture": "#0"},
				"up": {"uv": [3.5, 6.25, 2.5, 5.5], "texture": "#0"},
				"down": {"uv": [4.5, 5.5, 3.5, 6.25], "texture": "#0"}
			}
		},
		{
			"from": [5.75, -0.25, 6.25],
			"to": [10.25, 2.25, 9.75],
			"rotation": {"angle": 0, "axis": "y", "origin": [7.5, -1, 8]},
			"faces": {
				"north": {"uv": [5.75, 0, 6.75, 0.5], "texture": "#0"},
				"east": {"uv": [2.5, 6.25, 3.25, 6.75], "texture": "#0"},
				"south": {"uv": [5.75, 0.75, 6.75, 1.25], "texture": "#0"},
				"west": {"uv": [3.5, 6.25, 4.25, 6.75], "texture": "#0"},
				"up": {"uv": [2.25, 5.5, 1.25, 4.75], "texture": "#0"},
				"down": {"uv": [5.75, 2, 4.75, 2.75], "texture": "#0"}
			}
		},
		{
			"from": [7.15, 0.1, 4.7],
			"to": [8.15, 1, 7.7],
			"rotation": {"angle": 22.5, "axis": "y", "origin": [8.5, 0, 8.7]},
			"faces": {
				"north": {"uv": [7, 4, 7.25, 4.25], "texture": "#0"},
				"east": {"uv": [4.5, 6.75, 5.25, 7], "texture": "#0"},
				"south": {"uv": [4.25, 7, 4.5, 7.25], "texture": "#0"},
				"west": {"uv": [6.5, 6.75, 7.25, 7], "texture": "#0"},
				"up": {"uv": [1.75, 3.75, 1.5, 3], "texture": "#0"},
				"down": {"uv": [2, 3, 1.75, 3.75], "texture": "#0"}
			}
		},
		{
			"from": [7.85, 0.1, 4.7],
			"to": [8.85, 1, 7.7],
			"rotation": {"angle": -22.5, "axis": "y", "origin": [7.5, 0, 8.7]},
			"faces": {
				"north": {"uv": [4.5, 7, 4.75, 7.25], "texture": "#0"},
				"east": {"uv": [0, 7, 0.75, 7.25], "texture": "#0"},
				"south": {"uv": [4.75, 7, 5, 7.25], "texture": "#0"},
				"west": {"uv": [7, 0, 7.75, 0.25], "texture": "#0"},
				"up": {"uv": [2.75, 5.5, 2.5, 4.75], "texture": "#0"},
				"down": {"uv": [5.5, 6.75, 5.25, 7.5], "texture": "#0"}
			}
		},
		{
			"from": [7.05, -0.1, 4.6],
			"to": [8.25, 1.1, 5.6],
			"rotation": {"angle": 22.5, "axis": "y", "origin": [8.5, 0, 8.7]},
			"faces": {
				"north": {"uv": [5, 7, 5.25, 7.25], "texture": "#0"},
				"east": {"uv": [6.5, 7, 6.75, 7.25], "texture": "#0"},
				"south": {"uv": [6.75, 7, 7, 7.25], "texture": "#0"},
				"west": {"uv": [7, 7, 7.25, 7.25], "texture": "#0"},
				"up": {"uv": [0.25, 7.5, 0, 7.25], "texture": "#0"},
				"down": {"uv": [0.5, 7.25, 0.25, 7.5], "texture": "#0"}
			}
		},
		{
			"from": [7.75, -0.1, 4.6],
			"to": [8.95, 1.1, 5.6],
			"rotation": {"angle": -22.5, "axis": "y", "origin": [7.5, 0, 8.7]},
			"faces": {
				"north": {"uv": [0.5, 7.25, 0.75, 7.5], "texture": "#0"},
				"east": {"uv": [3, 7.25, 3.25, 7.5], "texture": "#0"},
				"south": {"uv": [3.25, 7.25, 3.5, 7.5], "texture": "#0"},
				"west": {"uv": [3.5, 7.25, 3.75, 7.5], "texture": "#0"},
				"up": {"uv": [4, 7.5, 3.75, 7.25], "texture": "#0"},
				"down": {"uv": [7.5, 3.75, 7.25, 4], "texture": "#0"}
			}
		},
		{
			"from": [4.25, 7.65, 5],
			"to": [11.75, 8.65, 11],
			"faces": {
				"north": {"uv": [6.25, 4.75, 8.125, 5], "texture": "#0"},
				"east": {"uv": [1, 6.75, 2.5, 7], "texture": "#0"},
				"south": {"uv": [6.25, 5, 8.125, 5.25], "texture": "#0"},
				"west": {"uv": [6.75, 1.5, 8.25, 1.75], "texture": "#0"},
				"up": {"uv": [1.875, 1.5, 0, 0], "texture": "#0"},
				"down": {"uv": [1.875, 1.5, 0, 3], "texture": "#0"}
			}
		},
		{
			"from": [6.74, 2.8, 6.59],
			"to": [7.56, 3.62, 7.41],
			"rotation": {"angle": 0, "axis": "y", "origin": [1.44, 0, 1.44]},
			"faces": {
				"north": {"uv": [4, 7.25, 4.25, 7.5], "texture": "#0"},
				"east": {"uv": [7.25, 4, 7.5, 4.25], "texture": "#0"},
				"south": {"uv": [4.25, 7.25, 4.5, 7.5], "texture": "#0"},
				"west": {"uv": [7.25, 4.25, 7.5, 4.5], "texture": "#0"},
				"up": {"uv": [4.75, 7.5, 4.5, 7.25], "texture": "#0"},
				"down": {"uv": [7.5, 4.5, 7.25, 4.75], "texture": "#0"}
			}
		},
		{
			"from": [5.7, 9.4, 2.45],
			"to": [10.3, 12.4, 6.45],
			"rotation": {"angle": 22.5, "axis": "x", "origin": [0, 0, 0]},
			"faces": {
				"north": {"uv": [4.75, 3, 5.875, 3.75], "texture": "#0"},
				"east": {"uv": [4.5, 5.5, 5.5, 6.25], "texture": "#0"},
				"south": {"uv": [4.75, 3.75, 5.875, 4.5], "texture": "#0"},
				"west": {"uv": [5.5, 5.5, 6.5, 6.25], "texture": "#0"},
				"up": {"uv": [3.875, 5.5, 2.75, 4.5], "texture": "#0"},
				"down": {"uv": [5.125, 4.5, 4, 5.5], "texture": "#0"}
			}
		},
		{
			"from": [6.45, 8.65, 6],
			"to": [6.95, 9.25, 7],
			"faces": {
				"north": {"uv": [7.25, 5.5, 7.375, 5.625], "texture": "#0"},
				"east": {"uv": [4.75, 7.25, 5, 7.375], "texture": "#0"},
				"south": {"uv": [5.75, 7.25, 5.875, 7.375], "texture": "#0"},
				"west": {"uv": [5, 7.25, 5.25, 7.375], "texture": "#0"},
				"up": {"uv": [7.375, 5.5, 7.25, 5.25], "texture": "#0"},
				"down": {"uv": [5.625, 7.25, 5.5, 7.5], "texture": "#0"}
			}
		},
		{
			"from": [6.9, 8.6, 6],
			"to": [8.3, 9.7, 6],
			"faces": {
				"north": {"uv": [7, 1.25, 7.375, 1.5], "texture": "#0"},
				"east": {"uv": [0, 0, 0, 0.25], "texture": "#0"},
				"south": {"uv": [3, 7, 3.375, 7.25], "texture": "#0"},
				"west": {"uv": [0, 0, 0, 0.25], "texture": "#0"},
				"up": {"uv": [0.375, 0, 0, 0], "texture": "#0"},
				"down": {"uv": [0.375, 0, 0, 0], "texture": "#0"}
			}
		},
		{
			"from": [5.05, 8.6, 6],
			"to": [6.45, 9.7, 6],
			"faces": {
				"north": {"uv": [3.5, 7, 3.875, 7.25], "texture": "#0"},
				"east": {"uv": [0, 0, 0, 0.25], "texture": "#0"},
				"south": {"uv": [7, 3.5, 7.375, 3.75], "texture": "#0"},
				"west": {"uv": [0, 0, 0, 0.25], "texture": "#0"},
				"up": {"uv": [0.375, 0, 0, 0], "texture": "#0"},
				"down": {"uv": [0.375, 0, 0, 0], "texture": "#0"}
			}
		}
	],
	"display": {
		"thirdperson_righthand": {
			"rotation": [0, -180, 0],
			"translation": [0, 3.75, 1.5],
			"scale": [0.5, 0.5, 0.5]
		},
		"thirdperson_lefthand": {
			"rotation": [0, -180, 0],
			"translation": [0, 3.75, 1.5],
			"scale": [0.5, 0.5, 0.5]
		},
		"firstperson_righthand": {
			"rotation": [0, 120, 0],
			"translation": [0.5, 5.75, 0]
		},
		"firstperson_lefthand": {
			"rotation": [0, 120, 0],
			"translation": [0.5, 5.75, 0]
		},
		"ground": {
			"translation": [0, 4, 0]
		},
		"gui": {
			"rotation": [30, -150, 0],
			"translation": [0, 3.5, 0],
			"scale": [1.2, 1.2, 1.2]
		},
		"head": {
			"translation": [0, 18, 0],
			"scale": [1.5, 1.5, 1.5]
		},
		"fixed": {
			"rotation": [-90, 0, 0],
			"translation": [0, 2, -20],
			"scale": [2.5, 2.5, 2.5]
		}
	},
	"groups": [
		{
			"name": "hand",
			"origin": [0, 0, 0],
			"color": 0,
			"children": [0, 1, 2, 3]
		},
		{
			"name": "body",
			"origin": [-0.5, 0, 0],
			"color": 0,
			"children": [4, 5, 6, 7, 8, 9]
		},
		{
			"name": "legs",
			"origin": [-0.5, 0, 0],
			"color": 0,
			"children": [10, 11, 12, 13]
		},
		{
			"name": "face",
			"origin": [-0.5, 0, 0],
			"color": 0,
			"children": [14, 15, 16, 17, 18, 19]
		}
	]
}