{
	"credit": "Made with Blockbench",
	"texture_size": [64, 64],
	"textures": {
		"0": "addon:block/marisa_fumo"
	},
	"elements": [
		{
			"from": [7.87624, 5.944, 7.2],
			"to": [10.87624, 6.944, 8.2],
			"rotation": {"angle": -45, "axis": "z", "origin": [5.07624, 3.344, 8]},
			"faces": {
				"north": {"uv": [8, 2.25, 8.75, 2.5], "texture": "#0"},
				"east": {"uv": [3.5, 6, 3.75, 6.25], "texture": "#0"},
				"south": {"uv": [8, 2.5, 8.75, 2.75], "texture": "#0"},
				"west": {"uv": [5.75, 6.5, 6, 6.75], "texture": "#0"},
				"up": {"uv": [8.75, 3, 8, 2.75], "texture": "#0"},
				"down": {"uv": [8.75, 3, 8, 3.25], "texture": "#0"}
			}
		},
		{
			"from": [5.12376, 5.944, 7.2],
			"to": [8.12376, 6.944, 8.2],
			"rotation": {"angle": 45, "axis": "z", "origin": [10.92376, 3.344, 8]},
			"faces": {
				"north": {"uv": [8, 3.25, 8.75, 3.5], "texture": "#0"},
				"east": {"uv": [2.25, 6.75, 2.5, 7], "texture": "#0"},
				"south": {"uv": [8, 3.5, 8.75, 3.75], "texture": "#0"},
				"west": {"uv": [5.5, 7.25, 5.75, 7.5], "texture": "#0"},
				"up": {"uv": [4.5, 8.25, 3.75, 8], "texture": "#0"},
				"down": {"uv": [8.75, 5, 8, 5.25], "texture": "#0"}
			}
		},
		{
			"from": [7.67624, 5.844, 7.1],
			"to": [8.77624, 7.044, 8.3],
			"rotation": {"angle": -45, "axis": "z", "origin": [5.07624, 3.344, 8]},
			"faces": {
				"north": {"uv": [5.75, 7.5, 5.5, 7.75], "texture": "#0"},
				"east": {"uv": [8.5, 6.75, 8.25, 7], "texture": "#0"},
				"south": {"uv": [6.25, 8.25, 6, 8.5], "texture": "#0"},
				"west": {"uv": [4, 7.75, 3.75, 8], "texture": "#0"},
				"up": {"uv": [8.25, 7.25, 8.5, 7], "texture": "#0"},
				"down": {"uv": [8.25, 7.25, 8.5, 7.5], "texture": "#0"}
			}
		},
		{
			"from": [7.22376, 5.844, 7.1],
			"to": [8.32376, 7.044, 8.3],
			"rotation": {"angle": 45, "axis": "z", "origin": [10.92376, 3.344, 8]},
			"faces": {
				"north": {"uv": [8.25, 7.5, 8.5, 7.75], "texture": "#0"},
				"east": {"uv": [8.25, 7.75, 8.5, 8], "texture": "#0"},
				"south": {"uv": [0, 8.5, 0.25, 8.75], "texture": "#0"},
				"west": {"uv": [8.5, 0, 8.75, 0.25], "texture": "#0"},
				"up": {"uv": [0.5, 8.75, 0.25, 8.5], "texture": "#0"},
				"down": {"uv": [8.75, 0.25, 8.5, 0.5], "texture": "#0"}
			}
		},
		{
			"from": [5.5, 4, 6],
			"to": [10.5, 8.5, 10],
			"rotation": {"angle": 0, "axis": "y", "origin": [7.5, -1, 8]},
			"faces": {
				"north": {"uv": [4.25, 4, 5.5, 5.125], "texture": "#0"},
				"east": {"uv": [5, 5.25, 6, 6.375], "texture": "#0"},
				"south": {"uv": [0, 5, 1.25, 6.125], "texture": "#0"},
				"west": {"uv": [5.5, 1, 6.5, 2.125], "texture": "#0"},
				"up": {"uv": [2.5, 6, 1.25, 5], "texture": "#0"},
				"down": {"uv": [3.75, 5, 2.5, 6], "texture": "#0"}
			}
		},
		{
			"name": "2",
			"from": [5.25, 3.75, 5.75],
			"to": [10.75, 9.25, 10.25],
			"rotation": {"angle": 0, "axis": "y", "origin": [7.5, -1, 8]},
			"faces": {
				"north": {"uv": [0, 3.5, 1.25, 4.75], "texture": "#0"},
				"east": {"uv": [3, 3.5, 4, 4.75], "texture": "#0"},
				"south": {"uv": [1.5, 3.5, 2.75, 4.75], "texture": "#0"},
				"west": {"uv": [4, 0, 5, 1.25], "texture": "#0"},
				"up": {"uv": [5.25, 2.5, 4, 1.5], "texture": "#0"},
				"down": {"uv": [5.5, 2.75, 4.25, 3.75], "texture": "#0"}
			}
		},
		{
			"from": [6.5, 0.3, 7],
			"to": [9.5, 4, 9],
			"rotation": {"angle": 0, "axis": "y", "origin": [7.5, -1, 8]},
			"faces": {
				"north": {"uv": [6.75, 4, 7.5, 4.875], "texture": "#0"},
				"east": {"uv": [5, 7.25, 5.5, 8.125], "texture": "#0"},
				"south": {"uv": [5.75, 6.75, 6.5, 7.625], "texture": "#0"},
				"west": {"uv": [1.75, 7.5, 2.25, 8.375], "texture": "#0"},
				"up": {"uv": [6.25, 8.25, 5.5, 7.75], "texture": "#0"},
				"down": {"uv": [0.75, 8, 0, 8.5], "texture": "#0"}
			}
		},
		{
			"from": [6.25, 0.3, 6.75],
			"to": [9.75, 4, 9.25],
			"rotation": {"angle": 0, "axis": "y", "origin": [7.5, -1, 8]},
			"faces": {
				"north": {"uv": [2.5, 6, 3.25, 6.75], "texture": "#0"},
				"east": {"uv": [0, 7, 0.5, 7.75], "texture": "#0"},
				"south": {"uv": [6, 5, 6.75, 5.75], "texture": "#0"},
				"west": {"uv": [2.25, 7, 2.75, 7.75], "texture": "#0"},
				"up": {"uv": [7.75, 2.75, 7, 2.25], "texture": "#0"},
				"down": {"uv": [3.75, 7, 3, 7.5], "texture": "#0"}
			}
		},
		{
			"from": [6, 0, 6.5],
			"to": [10, 2, 9.5],
			"rotation": {"angle": 0, "axis": "y", "origin": [7.5, -1, 8]},
			"faces": {
				"north": {"uv": [0.75, 7.5, 1.75, 8], "texture": "#0"},
				"east": {"uv": [0.75, 8, 1.5, 8.5], "texture": "#0"},
				"south": {"uv": [7.5, 3.75, 8.5, 4.25], "texture": "#0"},
				"west": {"uv": [2.25, 8, 3, 8.5], "texture": "#0"},
				"up": {"uv": [7, 6.75, 6, 6], "texture": "#0"},
				"down": {"uv": [1, 6.25, 0, 7], "texture": "#0"}
			}
		},
		{
			"from": [5.75, -0.25, 6.25],
			"to": [10.25, 2.25, 9.75],
			"rotation": {"angle": 0, "axis": "y", "origin": [7.5, -1, 8]},
			"faces": {
				"north": {"uv": [4.5, 6.5, 5.5, 7], "texture": "#0"},
				"east": {"uv": [7, 3, 7.75, 3.5], "texture": "#0"},
				"south": {"uv": [1, 6.75, 2, 7.25], "texture": "#0"},
				"west": {"uv": [7, 5, 7.75, 5.5], "texture": "#0"},
				"up": {"uv": [6.5, 4.75, 5.5, 4], "texture": "#0"},
				"down": {"uv": [6.75, 2.25, 5.75, 3], "texture": "#0"}
			}
		},
		{
			"from": [7.15, 0.1, 4.7],
			"to": [8.15, 1, 7.7],
			"rotation": {"angle": 22.5, "axis": "y", "origin": [8.5, 0, 8.7]},
			"faces": {
				"north": {"uv": [1.25, 8.5, 1.5, 8.75], "texture": "#0"},
				"east": {"uv": [8, 5.25, 8.75, 5.5], "texture": "#0"},
				"south": {"uv": [8.5, 1.25, 8.75, 1.5], "texture": "#0"},
				"west": {"uv": [8, 5.5, 8.75, 5.75], "texture": "#0"},
				"up": {"uv": [4.25, 3.5, 4, 2.75], "texture": "#0"},
				"down": {"uv": [6.5, 7.75, 6.25, 8.5], "texture": "#0"}
			}
		},
		{
			"from": [7.85, 0.1, 4.7],
			"to": [8.85, 1, 7.7],
			"rotation": {"angle": -22.5, "axis": "y", "origin": [7.5, 0, 8.7]},
			"faces": {
				"north": {"uv": [8.5, 1.5, 8.75, 1.75], "texture": "#0"},
				"east": {"uv": [8, 5.75, 8.75, 6], "texture": "#0"},
				"south": {"uv": [1.75, 8.5, 2, 8.75], "texture": "#0"},
				"west": {"uv": [8, 6, 8.75, 6.25], "texture": "#0"},
				"up": {"uv": [1.75, 8.75, 1.5, 8], "texture": "#0"},
				"down": {"uv": [4.75, 8, 4.5, 8.75], "texture": "#0"}
			}
		},
		{
			"from": [7.05, -0.1, 4.6],
			"to": [8.25, 1.1, 5.6],
			"rotation": {"angle": 22.5, "axis": "y", "origin": [8.5, 0, 8.7]},
			"faces": {
				"north": {"uv": [2, 8.5, 2.25, 8.75], "texture": "#0"},
				"east": {"uv": [2.25, 8.5, 2.5, 8.75], "texture": "#0"},
				"south": {"uv": [2.5, 8.5, 2.75, 8.75], "texture": "#0"},
				"west": {"uv": [2.75, 8.5, 3, 8.75], "texture": "#0"},
				"up": {"uv": [3.25, 8.75, 3, 8.5], "texture": "#0"},
				"down": {"uv": [3.5, 8.5, 3.25, 8.75], "texture": "#0"}
			}
		},
		{
			"from": [7.75, -0.1, 4.6],
			"to": [8.95, 1.1, 5.6],
			"rotation": {"angle": -22.5, "axis": "y", "origin": [7.5, 0, 8.7]},
			"faces": {
				"north": {"uv": [3.5, 8.5, 3.75, 8.75], "texture": "#0"},
				"east": {"uv": [8.5, 3.75, 8.75, 4], "texture": "#0"},
				"south": {"uv": [8.5, 4, 8.75, 4.25], "texture": "#0"},
				"west": {"uv": [5, 8.5, 5.25, 8.75], "texture": "#0"},
				"up": {"uv": [5.5, 8.75, 5.25, 8.5], "texture": "#0"},
				"down": {"uv": [5.75, 8.5, 5.5, 8.75], "texture": "#0"}
			}
		},
		{
			"from": [5.6, 9.75, 1.75],
			"to": [10.4, 12.85, 5.75],
			"rotation": {"angle": 22.5, "axis": "x", "origin": [0, -1.25, 0]},
			"faces": {
				"north": {"uv": [5.75, 3.25, 7, 4], "texture": "#0"},
				"east": {"uv": [3.5, 6.25, 4.5, 7], "texture": "#0"},
				"south": {"uv": [1.25, 6, 2.5, 6.75], "texture": "#0"},
				"west": {"uv": [6.5, 0, 7.5, 0.75], "texture": "#0"},
				"up": {"uv": [6.5, 1, 5.25, 0], "texture": "#0"},
				"down": {"uv": [5, 5.25, 3.75, 6.25], "texture": "#0"}
			}
		},
		{
			"from": [6.3, 12.6, -3.25],
			"to": [9.7, 14.85, -0.75],
			"rotation": {"angle": 45, "axis": "x", "origin": [0, -1.25, 0]},
			"faces": {
				"north": {"uv": [7, 5.75, 7.875, 6.375], "texture": "#0"},
				"east": {"uv": [7.5, 7.25, 8.125, 7.875], "texture": "#0"},
				"south": {"uv": [4, 7.25, 4.875, 7.875], "texture": "#0"},
				"west": {"uv": [3, 7.75, 3.625, 8.375], "texture": "#0"},
				"up": {"uv": [7.375, 7.875, 6.5, 7.25], "texture": "#0"},
				"down": {"uv": [8.375, 0, 7.5, 0.625], "texture": "#0"}
			}
		},
		{
			"name": "1",
			"from": [4.25, 7.7, 4.9],
			"to": [11.75, 8.55, 11.3],
			"rotation": {"angle": 0, "axis": "y", "origin": [0, -1.25, 0]},
			"faces": {
				"north": {"uv": [7, 6.5, 8.875, 6.75], "texture": "#0"},
				"east": {"uv": [7.5, 4.5, 9.125, 4.75], "texture": "#0"},
				"south": {"uv": [7.5, 4.25, 9.375, 4.5], "texture": "#0"},
				"west": {"uv": [7.5, 4.75, 9.125, 5], "texture": "#0"},
				"up": {"uv": [3.875, 1.625, 2, 0], "texture": "#0"},
				"down": {"uv": [3.875, 1.75, 2, 3.375], "texture": "#0"}
			}
		},
		{
			"name": "2",
			"from": [4, 7.45, 4.65],
			"to": [12, 8.8, 11.55],
			"rotation": {"angle": 0, "axis": "y", "origin": [0, -1.25, 0]},
			"faces": {
				"north": {"uv": [6.5, 0.75, 8.375, 1], "texture": "#0"},
				"east": {"uv": [6.5, 1.75, 8.125, 2], "texture": "#0"},
				"south": {"uv": [6.5, 1.25, 8.5, 1.5], "texture": "#0"},
				"west": {"uv": [6.5, 6.75, 8.125, 7], "texture": "#0"},
				"up": {"uv": [1.875, 1.625, 0, 0], "texture": "#0"},
				"down": {"uv": [1.875, 1.75, 0, 3.375], "texture": "#0"}
			}
		},
		{
			"from": [7.25, 10.95, 9.25],
			"to": [8.75, 12.2, 10.75],
			"rotation": {"angle": 0, "axis": "y", "origin": [0, -1.25, 0]},
			"faces": {
				"north": {"uv": [6.5, 8, 6.875, 8.375], "texture": "#0"},
				"east": {"uv": [7, 8, 7.375, 8.375], "texture": "#0"},
				"south": {"uv": [7.5, 8, 7.875, 8.375], "texture": "#0"},
				"west": {"uv": [8, 8, 8.375, 8.375], "texture": "#0"},
				"up": {"uv": [8.625, 2.125, 8.25, 1.75], "texture": "#0"},
				"down": {"uv": [4.125, 8.25, 3.75, 8.625], "texture": "#0"}
			}
		},
		{
			"from": [6.8, 8.5, 5.5],
			"to": [7.6, 9.3, 6.5],
			"faces": {
				"north": {"uv": [0.5, 8.5, 0.75, 8.75], "texture": "#0"},
				"east": {"uv": [8.5, 0.5, 8.75, 0.75], "texture": "#0"},
				"south": {"uv": [0.75, 8.5, 1, 8.75], "texture": "#0"},
				"west": {"uv": [8.5, 0.75, 8.75, 1], "texture": "#0"},
				"up": {"uv": [1.25, 8.75, 1, 8.5], "texture": "#0"},
				"down": {"uv": [8.75, 1, 8.5, 1.25], "texture": "#0"}
			}
		},
		{
			"from": [7.5, 8.5, 5.7],
			"to": [9.1, 9.6, 5.7],
			"faces": {
				"north": {"uv": [3.75, 5, 4.125, 5.25], "texture": "#0"},
				"east": {"uv": [0, 0, 0, 0.25], "texture": "#0"},
				"south": {"uv": [5.5, 5, 5.875, 5.25], "texture": "#0"},
				"west": {"uv": [0, 0, 0, 0.25], "texture": "#0"},
				"up": {"uv": [0.375, 0, 0, 0], "texture": "#0"},
				"down": {"uv": [0.375, 0, 0, 0], "texture": "#0"}
			}
		},
		{
			"from": [5.3, 8.5, 5.7],
			"to": [6.9, 9.6, 5.7],
			"rotation": {"angle": 0, "axis": "y", "origin": [16, 0, 0]},
			"faces": {
				"north": {"uv": [4.5, 6.25, 4.875, 6.5], "texture": "#0"},
				"east": {"uv": [0, 0, 0, 0.25], "texture": "#0"},
				"south": {"uv": [7, 3.75, 7.375, 4], "texture": "#0"},
				"west": {"uv": [0, 0, 0, 0.25], "texture": "#0"},
				"up": {"uv": [0.375, 0, 0, 0], "texture": "#0"},
				"down": {"uv": [0.375, 0, 0, 0], "texture": "#0"}
			}
		},
		{
			"from": [9.65, 2.95, 5.85],
			"to": [10.15, 6.45, 5.85],
			"faces": {
				"north": {"uv": [4.75, 8, 4.875, 8.875], "texture": "#0"},
				"east": {"uv": [0, 0, 0, 0.875], "texture": "#0"},
				"south": {"uv": [4.25, 8.25, 4.375, 9.125], "texture": "#0"},
				"west": {"uv": [0, 0, 0, 0.875], "texture": "#0"},
				"up": {"uv": [0.125, 0, 0, 0], "texture": "#0"},
				"down": {"uv": [0.125, 0, 0, 0], "texture": "#0"}
			}
		},
		{
			"from": [9.65, 3.75, 5.75],
			"to": [10.15, 4.25, 5.95],
			"faces": {
				"north": {"uv": [6.5, 8.5, 6.625, 8.625], "texture": "#0"},
				"east": {"uv": [6.75, 8.5, 6.875, 8.625], "texture": "#0"},
				"south": {"uv": [8.5, 6.75, 8.625, 6.875], "texture": "#0"},
				"west": {"uv": [7, 8.5, 7.125, 8.625], "texture": "#0"},
				"up": {"uv": [8.625, 7.125, 8.5, 7], "texture": "#0"},
				"down": {"uv": [7.375, 8.5, 7.25, 8.625], "texture": "#0"}
			}
		},
		{
			"from": [10.15, 3.65, 5.85],
			"to": [10.75, 4.3, 5.85],
			"faces": {
				"north": {"uv": [8.5, 7.25, 8.625, 7.375], "texture": "#0"},
				"east": {"uv": [0, 0, 0, 0.125], "texture": "#0"},
				"south": {"uv": [7.5, 8.5, 7.625, 8.625], "texture": "#0"},
				"west": {"uv": [0, 0, 0, 0.125], "texture": "#0"},
				"up": {"uv": [0.125, 0, 0, 0], "texture": "#0"},
				"down": {"uv": [0.125, 0, 0, 0], "texture": "#0"}
			}
		},
		{
			"from": [9.05, 3.65, 5.85],
			"to": [9.65, 4.3, 5.85],
			"rotation": {"angle": 0, "axis": "y", "origin": [16, 0, 0]},
			"faces": {
				"north": {"uv": [8.5, 7.5, 8.625, 7.625], "texture": "#0"},
				"east": {"uv": [0, 0, 0, 0.125], "texture": "#0"},
				"south": {"uv": [7.75, 8.5, 7.875, 8.625], "texture": "#0"},
				"west": {"uv": [0, 0, 0, 0.125], "texture": "#0"},
				"up": {"uv": [0.125, 0, 0, 0], "texture": "#0"},
				"down": {"uv": [0.125, 0, 0, 0], "texture": "#0"}
			}
		},
		{
			"from": [7.75, 3.35, 8.3],
			"to": [8.25, 3.75, 9.3],
			"faces": {
				"north": {"uv": [8.5, 7.75, 8.625, 7.875], "texture": "#0"},
				"east": {"uv": [5.75, 8.5, 6, 8.625], "texture": "#0"},
				"south": {"uv": [8, 8.5, 8.125, 8.625], "texture": "#0"},
				"west": {"uv": [6, 8.5, 6.25, 8.625], "texture": "#0"},
				"up": {"uv": [6.375, 8.75, 6.25, 8.5], "texture": "#0"},
				"down": {"uv": [8.625, 6.25, 8.5, 6.5], "texture": "#0"}
			}
		},
		{
			"from": [6.45, 3.15, 9.2],
			"to": [7.75, 3.95, 9.2],
			"faces": {
				"north": {"uv": [4, 7, 4.375, 7.25], "texture": "#0"},
				"east": {"uv": [0, 0, 0, 0.25], "texture": "#0"},
				"south": {"uv": [8, 6.25, 8.375, 6.5], "texture": "#0"},
				"west": {"uv": [0, 0, 0, 0.25], "texture": "#0"},
				"up": {"uv": [0.375, 0, 0, 0], "texture": "#0"},
				"down": {"uv": [0.375, 0, 0, 0], "texture": "#0"}
			}
		},
		{
			"from": [8.25, 3.15, 9.2],
			"to": [9.55, 3.95, 9.2],
			"rotation": {"angle": 0, "axis": "y", "origin": [16, 0, 0]},
			"faces": {
				"north": {"uv": [5, 8.25, 5.375, 8.5], "texture": "#0"},
				"east": {"uv": [0, 0, 0, 0.25], "texture": "#0"},
				"south": {"uv": [5.5, 8.25, 5.875, 8.5], "texture": "#0"},
				"west": {"uv": [0, 0, 0, 0.25], "texture": "#0"},
				"up": {"uv": [0.375, 0, 0, 0], "texture": "#0"},
				"down": {"uv": [0.375, 0, 0, 0], "texture": "#0"}
			}
		},
		{
			"from": [5.15, 4.5, 9.1],
			"to": [6.1, 6.15, 9.1],
			"rotation": {"angle": -22.5, "axis": "z", "origin": [0, 0, 0]},
			"faces": {
				"north": {"uv": [5.25, 1, 5.5, 1.375], "texture": "#0"},
				"east": {"uv": [0, 0, 0, 0.375], "texture": "#0"},
				"south": {"uv": [5.5, 2.25, 5.75, 2.625], "texture": "#0"},
				"west": {"uv": [0, 0, 0, 0.375], "texture": "#0"},
				"up": {"uv": [0.25, 0, 0, 0], "texture": "#0"},
				"down": {"uv": [0.25, 0, 0, 0], "texture": "#0"}
			}
		},
		{
			"from": [9.9, 4.5, 9.1],
			"to": [10.85, 6.15, 9.1],
			"rotation": {"angle": 22.5, "axis": "z", "origin": [16, 0, 0]},
			"faces": {
				"north": {"uv": [1, 6.25, 1.25, 6.625], "texture": "#0"},
				"east": {"uv": [0, 0, 0, 0.375], "texture": "#0"},
				"south": {"uv": [0.75, 7, 1, 7.375], "texture": "#0"},
				"west": {"uv": [0, 0, 0, 0.375], "texture": "#0"},
				"up": {"uv": [0.25, 0, 0, 0], "texture": "#0"},
				"down": {"uv": [0.25, 0, 0, 0], "texture": "#0"}
			}
		}
	],
	"display": {
		"thirdperson_righthand": {
			"rotation": [0, -180, 0],
			"translation": [0, 3.75, 1.5],
			"scale": [0.5, 0.5, 0.5]
		},
		"thirdperson_lefthand": {
			"rotation": [0, -180, 0],
			"translation": [0, 3.75, 1.5],
			"scale": [0.5, 0.5, 0.5]
		},
		"firstperson_righthand": {
			"rotation": [0, 120, 0],
			"translation": [0.5, 5.75, 0]
		},
		"firstperson_lefthand": {
			"rotation": [0, 120, 0],
			"translation": [0.5, 5.75, 0]
		},
		"ground": {
			"translation": [0, 4, 0]
		},
		"gui": {
			"rotation": [30, -150, 0],
			"translation": [0, 3.5, 0],
			"scale": [1.2, 1.2, 1.2]
		},
		"head": {
			"translation": [0, 18, 0],
			"scale": [1.5, 1.5, 1.5]
		},
		"fixed": {
			"rotation": [-90, 0, 0],
			"translation": [0, 2, -20],
			"scale": [2.5, 2.5, 2.5]
		}
	},
	"groups": [
		{
			"name": "hand",
			"origin": [0, 0, 0],
			"color": 0,
			"children": [0, 1, 2, 3]
		},
		{
			"name": "body",
			"origin": [-0.5, 0, 0],
			"color": 0,
			"children": [4, 5, 6, 7, 8, 9]
		},
		{
			"name": "legs",
			"origin": [-0.5, 0, 0],
			"color": 0,
			"children": [10, 11, 12, 13]
		},
		{
			"name": "face",
			"origin": [-0.5, 0, 0],
			"color": 0,
			"children": [14, 15, 16, 17, 18, 19, 20, 21, 22, 23, 24, 25, 26, 27, 28, 29, 30]
		}
	]
}