{"credit":"Made with Blockbench","parent":"block/block","ambientocclusion":false,"textures":{"0":"custom/misc_blocks/farming/plant_box","particle":"custom/misc_blocks/farming/plant_box"},"elements":[{"from":[14,16,14],"to":[16,18,16],"rotation":{"angle":0,"axis":"y","origin":[22,24,22]},"faces":{"north":{"uv":[7,7,8,8],"texture":"#0","cullface":"south"},"east":{"uv":[7,7,8,8],"texture":"#0","cullface":"south"},"south":{"uv":[7,7,8,8],"texture":"#0","cullface":"south"},"west":{"uv":[7,7,8,8],"texture":"#0","cullface":"south"},"up":{"uv":[7,6,8,7],"texture":"#0","cullface":"south"}}},{"from":[14,16,14],"to":[16,18,16],"rotation":{"angle":0,"axis":"y","origin":[22,24,22]},"faces":{"north":{"uv":[7,7,8,8],"texture":"#0","cullface":"east"},"east":{"uv":[7,7,8,8],"texture":"#0","cullface":"east"},"south":{"uv":[7,7,8,8],"texture":"#0","cullface":"east"},"west":{"uv":[7,7,8,8],"texture":"#0","cullface":"east"},"up":{"uv":[7,6,8,7],"texture":"#0","cullface":"east"}}},{"from":[14,16,0],"to":[16,18,2],"rotation":{"angle":0,"axis":"y","origin":[22,24,8]},"faces":{"north":{"uv":[7,7,8,8],"texture":"#0","cullface":"east"},"east":{"uv":[7,7,8,8],"texture":"#0","cullface":"east"},"south":{"uv":[7,7,8,8],"texture":"#0","cullface":"east"},"west":{"uv":[7,7,8,8],"texture":"#0","cullface":"east"},"up":{"uv":[7,6,8,7],"texture":"#0","cullface":"east"}}},{"from":[0,16,0],"to":[2,18,2],"rotation":{"angle":0,"axis":"y","origin":[8,24,8]},"faces":{"north":{"uv":[7,7,8,8],"texture":"#0","cullface":"west"},"east":{"uv":[7,7,8,8],"texture":"#0","cullface":"west"},"south":{"uv":[7,7,8,8],"texture":"#0","cullface":"west"},"west":{"uv":[7,7,8,8],"texture":"#0","cullface":"west"},"up":{"uv":[7,6,8,7],"texture":"#0","cullface":"west"}}},{"from":[0,16,14],"to":[2,18,16],"rotation":{"angle":0,"axis":"y","origin":[8,24,22]},"faces":{"north":{"uv":[7,7,8,8],"texture":"#0","cullface":"west"},"east":{"uv":[7,7,8,8],"texture":"#0","cullface":"west"},"south":{"uv":[7,7,8,8],"texture":"#0","cullface":"west"},"west":{"uv":[7,7,8,8],"texture":"#0","cullface":"west"},"up":{"uv":[7,6,8,7],"texture":"#0","cullface":"west"}}},{"from":[0,16,14],"to":[2,18,16],"rotation":{"angle":0,"axis":"y","origin":[8,24,22]},"faces":{"north":{"uv":[7,7,8,8],"texture":"#0","cullface":"south"},"east":{"uv":[7,7,8,8],"texture":"#0","cullface":"south"},"south":{"uv":[7,7,8,8],"texture":"#0","cullface":"south"},"west":{"uv":[7,7,8,8],"texture":"#0","cullface":"south"},"up":{"uv":[7,6,8,7],"texture":"#0","cullface":"south"}}},{"from":[0,16,0],"to":[2,18,2],"rotation":{"angle":0,"axis":"y","origin":[8,24,8]},"faces":{"north":{"uv":[7,7,8,8],"texture":"#0","cullface":"north"},"east":{"uv":[7,7,8,8],"texture":"#0","cullface":"north"},"south":{"uv":[7,7,8,8],"texture":"#0","cullface":"north"},"west":{"uv":[7,7,8,8],"texture":"#0","cullface":"north"},"up":{"uv":[7,6,8,7],"texture":"#0","cullface":"north"}}},{"from":[14,16,0],"to":[16,18,2],"rotation":{"angle":0,"axis":"y","origin":[22,24,8]},"faces":{"north":{"uv":[7,7,8,8],"texture":"#0","cullface":"north"},"east":{"uv":[7,7,8,8],"texture":"#0","cullface":"north"},"south":{"uv":[7,7,8,8],"texture":"#0","cullface":"north"},"west":{"uv":[7,7,8,8],"texture":"#0","cullface":"north"},"up":{"uv":[7,6,8,7],"texture":"#0","cullface":"north"}}},{"from":[0,0,0],"to":[16,16,16],"faces":{"north":{"uv":[0,8,8,16],"texture":"#0"},"east":{"uv":[0,8,8,16],"texture":"#0"},"south":{"uv":[0,8,8,16],"texture":"#0"},"west":{"uv":[0,8,8,16],"texture":"#0"},"up":{"uv":[8,0,16,8],"texture":"#0"},"down":{"uv":[8,8,16,16],"texture":"#0"}}},{"from":[2,16,0],"to":[14,17,2],"rotation":{"angle":0,"axis":"y","origin":[8,24,8]},"faces":{"north":{"uv":[1,7.5,7,8],"texture":"#0","cullface":"north"},"south":{"uv":[1,7.5,7,8],"texture":"#0","cullface":"north"},"up":{"uv":[9,15,15,16],"rotation":180,"texture":"#0","cullface":"north"}}},{"from":[2,16,14],"to":[14,17,16],"rotation":{"angle":0,"axis":"y","origin":[8,24,22]},"faces":{"north":{"uv":[1,7.5,7,8],"texture":"#0","cullface":"south"},"south":{"uv":[1,7.5,7,8],"texture":"#0","cullface":"south"},"up":{"uv":[9,15,15,16],"texture":"#0","cullface":"south"}}},{"from":[0,16,2],"to":[2,17,14],"rotation":{"angle":0,"axis":"y","origin":[6,24,20]},"faces":{"east":{"uv":[1,7.5,7,8],"texture":"#0","cullface":"west"},"west":{"uv":[1,7.5,7,8],"texture":"#0","cullface":"west"},"up":{"uv":[9,15,15,16],"rotation":90,"texture":"#0","cullface":"west"}}},{"from":[14,16,2],"to":[16,17,14],"rotation":{"angle":0,"axis":"y","origin":[20,24,20]},"faces":{"east":{"uv":[1,7.5,7,8],"texture":"#0","cullface":"east"},"west":{"uv":[1,7.5,7,8],"texture":"#0","cullface":"east"},"up":{"uv":[9,15,15,16],"rotation":270,"texture":"#0","cullface":"east"}}}]}