{
	"credit": "Made with Blockbench",
	"texture_size": [32, 32],
	"textures": {
		"0": "addon:block/sakuya_fumo"
	},
	"elements": [
		{
			"from": [7.87624, 5.944, 7.1],
			"to": [10.87624, 6.944, 8.1],
			"rotation": {"angle": -45, "axis": "z", "origin": [5.07624, 3.344, 8]},
			"faces": {
				"north": {"uv": [11, 4, 12.5, 4.5], "texture": "#0"},
				"east": {"uv": [8, 2.5, 8.5, 3], "texture": "#0"},
				"south": {"uv": [7.5, 12, 9, 12.5], "texture": "#0"},
				"west": {"uv": [1.5, 10.5, 2, 11], "texture": "#0"},
				"up": {"uv": [10.5, 12.5, 9, 12], "texture": "#0"},
				"down": {"uv": [13.5, 9.5, 12, 10], "texture": "#0"}
			}
		},
		{
			"from": [5.12376, 5.944, 7.1],
			"to": [8.12376, 6.944, 8.1],
			"rotation": {"angle": 45, "axis": "z", "origin": [10.92376, 3.344, 8]},
			"faces": {
				"north": {"uv": [12.5, 4, 11, 4.5], "texture": "#0"},
				"east": {"uv": [2, 10.5, 1.5, 11], "texture": "#0"},
				"south": {"uv": [9, 12, 7.5, 12.5], "texture": "#0"},
				"west": {"uv": [8.5, 2.5, 8, 3], "texture": "#0"},
				"up": {"uv": [9, 12.5, 10.5, 12], "texture": "#0"},
				"down": {"uv": [12, 9.5, 13.5, 10], "texture": "#0"}
			}
		},
		{
			"from": [4.83614, 6.1384, 7.01],
			"to": [8.13614, 7.3384, 8.21],
			"rotation": {"angle": 45, "axis": "z", "origin": [11.21614, 3.6784, 8]},
			"faces": {
				"north": {"uv": [14.5, 10.25, 16, 10.75], "texture": "#0"},
				"east": {"uv": [15.5, 7, 16, 7.5], "texture": "#0"},
				"south": {"uv": [10.25, 14.75, 11.75, 15.25], "texture": "#0"},
				"west": {"uv": [4.5, 14.25, 5, 14.75], "texture": "#0"},
				"up": {"uv": [15.75, 8.5, 14.25, 8], "texture": "#0"},
				"down": {"uv": [16, 11.75, 14.5, 12.25], "texture": "#0"}
			}
		},
		{
			"from": [7.86386, 6.1384, 7.01],
			"to": [11.16386, 7.3384, 8.21],
			"rotation": {"angle": -45, "axis": "z", "origin": [4.78386, 3.6784, 8]},
			"faces": {
				"north": {"uv": [16, 10.25, 14.5, 10.75], "texture": "#0"},
				"east": {"uv": [5, 14.25, 4.5, 14.75], "texture": "#0"},
				"south": {"uv": [11.75, 14.75, 10.25, 15.25], "texture": "#0"},
				"west": {"uv": [16, 7, 15.5, 7.5], "texture": "#0"},
				"up": {"uv": [14.25, 8.5, 15.75, 8], "texture": "#0"},
				"down": {"uv": [14.5, 11.75, 16, 12.25], "texture": "#0"}
			}
		},
		{
			"from": [5.5, 4, 6],
			"to": [10.5, 9, 10],
			"rotation": {"angle": 0, "axis": "y", "origin": [7.5, -1, 8]},
			"faces": {
				"north": {"uv": [3, 0, 5.5, 2.5], "texture": "#0"},
				"east": {"uv": [0, 6, 2, 8.5], "texture": "#0"},
				"south": {"uv": [3, 2.5, 5.5, 5], "texture": "#0"},
				"west": {"uv": [8, 0, 10, 2.5], "texture": "#0"},
				"up": {"uv": [4.5, 10, 2, 8], "texture": "#0"},
				"down": {"uv": [7, 8, 4.5, 10], "texture": "#0"}
			}
		},
		{
			"name": "2",
			"from": [5.25, 3.75, 5.75],
			"to": [10.75, 9.25, 10.25],
			"rotation": {"angle": 0, "axis": "y", "origin": [7.5, -1, 8]},
			"faces": {
				"north": {"uv": [0, 0, 2.5, 2.5], "texture": "#0"},
				"east": {"uv": [3, 5, 5, 7.5], "texture": "#0"},
				"south": {"uv": [0, 3, 2.5, 5.5], "texture": "#0"},
				"west": {"uv": [5.5, 0, 7.5, 2.5], "texture": "#0"},
				"up": {"uv": [8, 5, 5.5, 3], "texture": "#0"},
				"down": {"uv": [8, 5.5, 5.5, 7.5], "texture": "#0"}
			}
		},
		{
			"from": [6.5, 0.3, 7],
			"to": [9.5, 4, 9],
			"rotation": {"angle": 0, "axis": "y", "origin": [7.5, -1, 8]},
			"faces": {
				"north": {"uv": [5, 10, 6.5, 11.75], "texture": "#0"},
				"east": {"uv": [2, 6, 3, 7.75], "texture": "#0"},
				"south": {"uv": [6.5, 10, 8, 11.75], "texture": "#0"},
				"west": {"uv": [3.5, 11, 4.5, 12.75], "texture": "#0"},
				"up": {"uv": [13, 9.5, 11.5, 8.5], "texture": "#0"},
				"down": {"uv": [13, 11, 11.5, 12], "texture": "#0"}
			}
		},
		{
			"from": [6.25, 0.3, 6.75],
			"to": [9.75, 4, 9.25],
			"rotation": {"angle": 0, "axis": "y", "origin": [7.5, -1, 8]},
			"faces": {
				"north": {"uv": [0, 8.5, 1.5, 10], "texture": "#0"},
				"east": {"uv": [8, 10, 9, 11.5], "texture": "#0"},
				"south": {"uv": [8.5, 4.5, 10, 6], "texture": "#0"},
				"west": {"uv": [0, 10.5, 1, 12], "texture": "#0"},
				"up": {"uv": [12.25, 5.75, 10.5, 4.5], "texture": "#0"},
				"down": {"uv": [12.25, 6, 10.5, 7.25], "texture": "#0"}
			}
		},
		{
			"from": [6, 0, 6.5],
			"to": [10, 2, 9.5],
			"rotation": {"angle": 0, "axis": "y", "origin": [7.5, -1, 8]},
			"faces": {
				"north": {"uv": [9.5, 11, 11.5, 12], "texture": "#0"},
				"east": {"uv": [4.5, 12, 6, 13], "texture": "#0"},
				"south": {"uv": [11.5, 7.5, 13.5, 8.5], "texture": "#0"},
				"west": {"uv": [6, 12, 7.5, 13], "texture": "#0"},
				"up": {"uv": [10.5, 8, 8.5, 6.5], "texture": "#0"},
				"down": {"uv": [11.5, 8, 9.5, 9.5], "texture": "#0"}
			}
		},
		{
			"from": [5.75, -0.25, 6.25],
			"to": [10.25, 2.25, 9.75],
			"rotation": {"angle": 0, "axis": "y", "origin": [7.5, -1, 8]},
			"faces": {
				"north": {"uv": [9.5, 9.5, 11.5, 10.5], "texture": "#0"},
				"east": {"uv": [1.5, 11, 3, 12], "texture": "#0"},
				"south": {"uv": [10, 0, 12, 1], "texture": "#0"},
				"west": {"uv": [11, 2.5, 12.5, 3.5], "texture": "#0"},
				"up": {"uv": [9, 9.5, 7, 8], "texture": "#0"},
				"down": {"uv": [10.5, 2.5, 8.5, 4], "texture": "#0"}
			}
		},
		{
			"from": [7.15, 0.1, 4.7],
			"to": [8.15, 1, 7.7],
			"rotation": {"angle": 22.5, "axis": "y", "origin": [8.5, 0, 8.7]},
			"faces": {
				"north": {"uv": [11, 7.5, 11.5, 8], "texture": "#0"},
				"east": {"uv": [0, 12.5, 1.5, 13], "texture": "#0"},
				"south": {"uv": [4.5, 11.5, 5, 12], "texture": "#0"},
				"west": {"uv": [12.5, 0, 14, 0.5], "texture": "#0"},
				"up": {"uv": [2, 14, 1.5, 12.5], "texture": "#0"},
				"down": {"uv": [2.5, 12.5, 2, 14], "texture": "#0"}
			}
		},
		{
			"from": [7.85, 0.1, 4.7],
			"to": [8.85, 1, 7.7],
			"rotation": {"angle": -22.5, "axis": "y", "origin": [7.5, 0, 8.7]},
			"faces": {
				"north": {"uv": [12.5, 7, 13, 7.5], "texture": "#0"},
				"east": {"uv": [12.5, 0.5, 14, 1], "texture": "#0"},
				"south": {"uv": [8.5, 12.5, 9, 13], "texture": "#0"},
				"west": {"uv": [12.5, 1, 14, 1.5], "texture": "#0"},
				"up": {"uv": [3, 14, 2.5, 12.5], "texture": "#0"},
				"down": {"uv": [3.5, 12.5, 3, 14], "texture": "#0"}
			}
		},
		{
			"from": [7.05, -0.1, 4.6],
			"to": [8.25, 1.1, 5.6],
			"rotation": {"angle": 22.5, "axis": "y", "origin": [8.5, 0, 8.7]},
			"faces": {
				"north": {"uv": [9, 12.5, 9.5, 13], "texture": "#0"},
				"east": {"uv": [9.5, 12.5, 10, 13], "texture": "#0"},
				"south": {"uv": [10, 12.5, 10.5, 13], "texture": "#0"},
				"west": {"uv": [10.5, 12.5, 11, 13], "texture": "#0"},
				"up": {"uv": [11.5, 13, 11, 12.5], "texture": "#0"},
				"down": {"uv": [12, 12.5, 11.5, 13], "texture": "#0"}
			}
		},
		{
			"from": [7.75, -0.1, 4.6],
			"to": [8.95, 1.1, 5.6],
			"rotation": {"angle": -22.5, "axis": "y", "origin": [7.5, 0, 8.7]},
			"faces": {
				"north": {"uv": [12, 12.5, 12.5, 13], "texture": "#0"},
				"east": {"uv": [12.5, 12.5, 13, 13], "texture": "#0"},
				"south": {"uv": [0, 13, 0.5, 13.5], "texture": "#0"},
				"west": {"uv": [0.5, 13, 1, 13.5], "texture": "#0"},
				"up": {"uv": [1.5, 13.5, 1, 13], "texture": "#0"},
				"down": {"uv": [13.5, 1.5, 13, 2], "texture": "#0"}
			}
		},
		{
			"from": [5.25, 7.7, 7.2],
			"to": [10.7, 9.8, 7.2],
			"rotation": {"angle": 0, "axis": "y", "origin": [8, 0, 8]},
			"faces": {
				"north": {"uv": [10, 1.5, 12.75, 2.5], "texture": "#0"},
				"east": {"uv": [0, 0, 0, 1], "texture": "#0"},
				"south": {"uv": [2, 10, 4.75, 11], "texture": "#0"},
				"west": {"uv": [0, 0, 0, 1], "texture": "#0"},
				"up": {"uv": [2.75, 0, 0, 0], "texture": "#0"},
				"down": {"uv": [2.75, 0, 0, 0], "texture": "#0"}
			}
		},
		{
			"from": [9.7694, 3.5784, 5.6604],
			"to": [10.5306, 4.2396, 5.9216],
			"rotation": {"angle": 0, "axis": "y", "origin": [7.6694, 0, 8]},
			"faces": {
				"north": {"uv": [13, 7, 13.25, 7.25], "texture": "#0"},
				"east": {"uv": [8.5, 13, 8.75, 13.25], "texture": "#0"},
				"south": {"uv": [13, 8.5, 13.25, 8.75], "texture": "#0"},
				"west": {"uv": [9, 13, 9.25, 13.25], "texture": "#0"},
				"up": {"uv": [13.25, 9.25, 13, 9], "texture": "#0"},
				"down": {"uv": [9.75, 13, 9.5, 13.25], "texture": "#0"}
			}
		},
		{
			"from": [9.1694, 3.5784, 5.8104],
			"to": [11.0806, 4.2396, 5.8216],
			"rotation": {"angle": 0, "axis": "y", "origin": [7.6694, 0, 8]},
			"faces": {
				"north": {"uv": [13, 2, 14, 2.25], "texture": "#0"},
				"east": {"uv": [10, 13, 10.25, 13.25], "texture": "#0"},
				"south": {"uv": [13, 2.5, 14, 2.75], "texture": "#0"},
				"west": {"uv": [10.5, 13, 10.75, 13.25], "texture": "#0"},
				"up": {"uv": [14, 3.25, 13, 3], "texture": "#0"},
				"down": {"uv": [4.5, 13, 3.5, 13.25], "texture": "#0"}
			}
		},
		{
			"from": [5.0194, 3.5784, 5.8104],
			"to": [6.9306, 4.2396, 5.8216],
			"rotation": {"angle": 0, "axis": "y", "origin": [8.3306, 0, 8]},
			"faces": {
				"north": {"uv": [13, 3.5, 14, 3.75], "texture": "#0"},
				"east": {"uv": [11, 13, 11.25, 13.25], "texture": "#0"},
				"south": {"uv": [13, 4, 14, 4.25], "texture": "#0"},
				"west": {"uv": [13, 11, 13.25, 11.25], "texture": "#0"},
				"up": {"uv": [5.5, 13.25, 4.5, 13], "texture": "#0"},
				"down": {"uv": [14, 4.5, 13, 4.75], "texture": "#0"}
			}
		},
		{
			"from": [5.5694, 3.5784, 5.6604],
			"to": [6.3306, 4.2396, 5.9216],
			"rotation": {"angle": 0, "axis": "y", "origin": [8.3306, 0, 8]},
			"faces": {
				"north": {"uv": [11.5, 13, 11.75, 13.25], "texture": "#0"},
				"east": {"uv": [13, 11.5, 13.25, 11.75], "texture": "#0"},
				"south": {"uv": [12, 13, 12.25, 13.25], "texture": "#0"},
				"west": {"uv": [12.5, 13, 12.75, 13.25], "texture": "#0"},
				"up": {"uv": [13.25, 12.75, 13, 12.5], "texture": "#0"},
				"down": {"uv": [13.25, 13, 13, 13.25], "texture": "#0"}
			}
		},
		{
			"from": [7.6694, 3.3284, 6.4604],
			"to": [8.3306, 3.9896, 7.1216],
			"rotation": {"angle": 0, "axis": "y", "origin": [7.6694, 0, 8]},
			"faces": {
				"north": {"uv": [0, 13.5, 0.25, 13.75], "texture": "#0"},
				"east": {"uv": [0.5, 13.5, 0.75, 13.75], "texture": "#0"},
				"south": {"uv": [1, 13.5, 1.25, 13.75], "texture": "#0"},
				"west": {"uv": [13.5, 1.5, 13.75, 1.75], "texture": "#0"},
				"up": {"uv": [3.75, 13.75, 3.5, 13.5], "texture": "#0"},
				"down": {"uv": [4.25, 13.5, 4, 13.75], "texture": "#0"}
			}
		},
		{
			"from": [7.1694, 2.5784, 6.7604],
			"to": [7.8806, 3.5896, 6.7604],
			"rotation": {"angle": 0, "axis": "y", "origin": [7.6694, 0, 8]},
			"faces": {
				"north": {"uv": [13, 6, 13.25, 6.5], "texture": "#0"},
				"east": {"uv": [0, 0, 0, 0.5], "texture": "#0"},
				"south": {"uv": [6.5, 13, 6.75, 13.5], "texture": "#0"},
				"west": {"uv": [0, 0, 0, 0.5], "texture": "#0"},
				"up": {"uv": [0.25, 0, 0, 0], "texture": "#0"},
				"down": {"uv": [0.25, 0, 0, 0], "texture": "#0"}
			}
		},
		{
			"from": [8.1194, 2.5784, 6.7604],
			"to": [8.8306, 3.5896, 6.7604],
			"rotation": {"angle": 0, "axis": "y", "origin": [8.3306, 0, 8]},
			"faces": {
				"north": {"uv": [13, 6.5, 13.25, 7], "texture": "#0"},
				"east": {"uv": [0, 0, 0, 0.5], "texture": "#0"},
				"south": {"uv": [7, 13, 7.25, 13.5], "texture": "#0"},
				"west": {"uv": [0, 0, 0, 0.5], "texture": "#0"},
				"up": {"uv": [0.25, 0, 0, 0], "texture": "#0"},
				"down": {"uv": [0.25, 0, 0, 0], "texture": "#0"}
			}
		},
		{
			"from": [9.9, 2.9, 5.85],
			"to": [10.4, 5.4, 5.85],
			"faces": {
				"north": {"uv": [12.5, 4, 12.75, 5.25], "texture": "#0"},
				"east": {"uv": [0, 0, 0, 1.25], "texture": "#0"},
				"south": {"uv": [12.5, 5.5, 12.75, 6.75], "texture": "#0"},
				"west": {"uv": [0, 0, 0, 1.25], "texture": "#0"},
				"up": {"uv": [0.25, 0, 0, 0], "texture": "#0"},
				"down": {"uv": [0.25, 0, 0, 0], "texture": "#0"}
			}
		},
		{
			"from": [5.7, 2.9, 5.85],
			"to": [6.2, 5.4, 5.85],
			"rotation": {"angle": 0, "axis": "y", "origin": [16, 0, 0]},
			"faces": {
				"north": {"uv": [7.5, 12.5, 7.75, 13.75], "texture": "#0"},
				"east": {"uv": [0, 0, 0, 1.25], "texture": "#0"},
				"south": {"uv": [8, 12.5, 8.25, 13.75], "texture": "#0"},
				"west": {"uv": [0, 0, 0, 1.25], "texture": "#0"},
				"up": {"uv": [0.25, 0, 0, 0], "texture": "#0"},
				"down": {"uv": [0.25, 0, 0, 0], "texture": "#0"}
			}
		},
		{
			"from": [7.7, 3.1, 8.8],
			"to": [8.4, 3.8, 9.5],
			"rotation": {"angle": 0, "axis": "y", "origin": [2.4, 0, 2.4]},
			"faces": {
				"north": {"uv": [4.5, 13.5, 4.75, 13.75], "texture": "#0"},
				"east": {"uv": [5, 13.5, 5.25, 13.75], "texture": "#0"},
				"south": {"uv": [13.5, 5, 13.75, 5.25], "texture": "#0"},
				"west": {"uv": [5.5, 13.5, 5.75, 13.75], "texture": "#0"},
				"up": {"uv": [13.75, 5.75, 13.5, 5.5], "texture": "#0"},
				"down": {"uv": [6.25, 13.5, 6, 13.75], "texture": "#0"}
			}
		},
		{
			"from": [8.3, 3, 9.25],
			"to": [9.3, 3.9, 9.25],
			"rotation": {"angle": 0, "axis": "y", "origin": [2.4, 0, 2.4]},
			"faces": {
				"north": {"uv": [13, 5, 13.5, 5.5], "texture": "#0"},
				"east": {"uv": [0, 0, 0, 0.5], "texture": "#0"},
				"south": {"uv": [5.5, 13, 6, 13.5], "texture": "#0"},
				"west": {"uv": [0, 0, 0, 0.5], "texture": "#0"},
				"up": {"uv": [0.5, 0, 0, 0], "texture": "#0"},
				"down": {"uv": [0.5, 0, 0, 0], "texture": "#0"}
			}
		},
		{
			"from": [6.7, 3, 9.25],
			"to": [7.7, 3.9, 9.25],
			"rotation": {"angle": 0, "axis": "y", "origin": [13.6, 0, 2.4]},
			"faces": {
				"north": {"uv": [13, 5.5, 13.5, 6], "texture": "#0"},
				"east": {"uv": [0, 0, 0, 0.5], "texture": "#0"},
				"south": {"uv": [6, 13, 6.5, 13.5], "texture": "#0"},
				"west": {"uv": [0, 0, 0, 0.5], "texture": "#0"},
				"up": {"uv": [0.5, 0, 0, 0], "texture": "#0"},
				"down": {"uv": [0.5, 0, 0, 0], "texture": "#0"}
			}
		}
	],
	"display": {
		"thirdperson_righthand": {
			"rotation": [0, -180, 0],
			"translation": [0, 3.75, 1.5],
			"scale": [0.5, 0.5, 0.5]
		},
		"thirdperson_lefthand": {
			"rotation": [0, -180, 0],
			"translation": [0, 3.75, 1.5],
			"scale": [0.5, 0.5, 0.5]
		},
		"firstperson_righthand": {
			"rotation": [0, 120, 0],
			"translation": [0.5, 5.75, 0]
		},
		"firstperson_lefthand": {
			"rotation": [0, 120, 0],
			"translation": [0.5, 5.75, 0]
		},
		"ground": {
			"translation": [0, 4, 0]
		},
		"gui": {
			"rotation": [30, -150, 0],
			"translation": [0, 3.5, 0],
			"scale": [1.2, 1.2, 1.2]
		},
		"head": {
			"translation": [0, 18, 0],
			"scale": [1.5, 1.5, 1.5]
		},
		"fixed": {
			"rotation": [-90, 0, 0],
			"translation": [0, 2, -20],
			"scale": [2.5, 2.5, 2.5]
		}
	},
	"groups": [
		{
			"name": "hand",
			"origin": [0, 0, 0],
			"color": 0,
			"children": [0, 1, 2, 3]
		},
		{
			"name": "body",
			"origin": [-0.5, 0, 0],
			"color": 0,
			"children": [4, 5, 6, 7, 8, 9]
		},
		{
			"name": "legs",
			"origin": [-0.5, 0, 0],
			"color": 0,
			"children": [10, 11, 12, 13]
		},
		{
			"name": "face",
			"origin": [-0.5, 0, 0],
			"color": 0,
			"children": [14, 15, 16, 17, 18, 19, 20, 21, 22, 23, 24, 25, 26]
		}
	]
}