{
	"credit": "Made with Blockbench",
	"texture_size": [32, 32],
	"textures": {
		"0": "addon:block/satori_fumo"
	},
	"elements": [
		{
			"from": [7.87624, 5.944, 7.1],
			"to": [10.87624, 6.944, 8.1],
			"rotation": {"angle": -45, "axis": "z", "origin": [5.07624, 3.344, 8]},
			"faces": {
				"north": {"uv": [11, 4, 12.5, 4.5], "texture": "#0"},
				"east": {"uv": [8, 2.5, 8.5, 3], "texture": "#0"},
				"south": {"uv": [0, 12, 1.5, 12.5], "texture": "#0"},
				"west": {"uv": [10.5, 7.5, 11, 8], "texture": "#0"},
				"up": {"uv": [3, 12.5, 1.5, 12], "texture": "#0"},
				"down": {"uv": [4.5, 12, 3, 12.5], "texture": "#0"}
			}
		},
		{
			"from": [5.12376, 5.944, 7.1],
			"to": [8.12376, 6.944, 8.1],
			"rotation": {"angle": 45, "axis": "z", "origin": [10.92376, 3.344, 8]},
			"faces": {
				"north": {"uv": [4.5, 12, 6, 12.5], "texture": "#0"},
				"east": {"uv": [11, 7.5, 11.5, 8], "texture": "#0"},
				"south": {"uv": [6, 12, 7.5, 12.5], "texture": "#0"},
				"west": {"uv": [12.5, 7, 13, 7.5], "texture": "#0"},
				"up": {"uv": [9, 12.5, 7.5, 12], "texture": "#0"},
				"down": {"uv": [13.5, 9.5, 12, 10], "texture": "#0"}
			}
		},
		{
			"from": [5.32376, 5.744, 6.9],
			"to": [6.32376, 7.094, 8.3],
			"rotation": {"angle": 45, "axis": "z", "origin": [10.92376, 3.344, 8]},
			"faces": {
				"north": {"uv": [12.5, 4, 13, 4.75], "texture": "#0"},
				"east": {"uv": [10, 1.5, 10.75, 2.25], "texture": "#0"},
				"south": {"uv": [5, 12.5, 5.5, 13.25], "texture": "#0"},
				"west": {"uv": [2, 12.5, 2.75, 13.25], "texture": "#0"},
				"up": {"uv": [13, 5.75, 12.5, 5], "texture": "#0"},
				"down": {"uv": [6, 12.5, 5.5, 13.25], "texture": "#0"}
			}
		},
		{
			"from": [9.67624, 5.744, 6.9],
			"to": [10.67624, 7.094, 8.3],
			"rotation": {"angle": -45, "axis": "z", "origin": [5.07624, 3.344, 8]},
			"faces": {
				"north": {"uv": [6, 12.5, 6.5, 13.25], "texture": "#0"},
				"east": {"uv": [3, 12.5, 3.75, 13.25], "texture": "#0"},
				"south": {"uv": [12.5, 6, 13, 6.75], "texture": "#0"},
				"west": {"uv": [4, 12.5, 4.75, 13.25], "texture": "#0"},
				"up": {"uv": [7, 13.25, 6.5, 12.5], "texture": "#0"},
				"down": {"uv": [7.5, 12.5, 7, 13.25], "texture": "#0"}
			}
		},
		{
			"from": [5.5, 4, 6],
			"to": [10.5, 9, 10],
			"rotation": {"angle": 0, "axis": "y", "origin": [7.5, -1, 8]},
			"faces": {
				"north": {"uv": [3, 0, 5.5, 2.5], "texture": "#0"},
				"east": {"uv": [0, 6, 2, 8.5], "texture": "#0"},
				"south": {"uv": [3, 2.5, 5.5, 5], "texture": "#0"},
				"west": {"uv": [8, 0, 10, 2.5], "texture": "#0"},
				"up": {"uv": [4.5, 10, 2, 8], "texture": "#0"},
				"down": {"uv": [7, 8, 4.5, 10], "texture": "#0"}
			}
		},
		{
			"name": "2",
			"from": [5.25, 3.75, 5.75],
			"to": [10.75, 9.25, 10.25],
			"rotation": {"angle": 0, "axis": "y", "origin": [7.5, -1, 8]},
			"faces": {
				"north": {"uv": [0, 0, 2.5, 2.5], "texture": "#0"},
				"east": {"uv": [3, 5, 5, 7.5], "texture": "#0"},
				"south": {"uv": [0, 3, 2.5, 5.5], "texture": "#0"},
				"west": {"uv": [5.5, 0, 7.5, 2.5], "texture": "#0"},
				"up": {"uv": [8, 5, 5.5, 3], "texture": "#0"},
				"down": {"uv": [8, 5.5, 5.5, 7.5], "texture": "#0"}
			}
		},
		{
			"from": [6.5, 0.3, 7],
			"to": [9.5, 4, 9],
			"rotation": {"angle": 0, "axis": "y", "origin": [7.5, -1, 8]},
			"faces": {
				"north": {"uv": [2, 10, 3.5, 11.75], "texture": "#0"},
				"east": {"uv": [2, 6, 3, 7.75], "texture": "#0"},
				"south": {"uv": [3.5, 10, 5, 11.75], "texture": "#0"},
				"west": {"uv": [10, 11, 11, 12.75], "texture": "#0"},
				"up": {"uv": [9.5, 11, 8, 10], "texture": "#0"},
				"down": {"uv": [12.5, 11, 11, 12], "texture": "#0"}
			}
		},
		{
			"from": [6.25, 0.3, 6.75],
			"to": [9.75, 4, 9.25],
			"rotation": {"angle": 0, "axis": "y", "origin": [7.5, -1, 8]},
			"faces": {
				"north": {"uv": [0, 8.5, 1.5, 10], "texture": "#0"},
				"east": {"uv": [5, 10, 6, 11.5], "texture": "#0"},
				"south": {"uv": [8.5, 4.5, 10, 6], "texture": "#0"},
				"west": {"uv": [6.5, 10, 7.5, 11.5], "texture": "#0"},
				"up": {"uv": [1.75, 11.75, 0, 10.5], "texture": "#0"},
				"down": {"uv": [12.25, 4.5, 10.5, 5.75], "texture": "#0"}
			}
		},
		{
			"from": [6, 0, 6.5],
			"to": [10, 2, 9.5],
			"rotation": {"angle": 0, "axis": "y", "origin": [7.5, -1, 8]},
			"faces": {
				"north": {"uv": [11, 3, 13, 4], "texture": "#0"},
				"east": {"uv": [11.5, 7.5, 13, 8.5], "texture": "#0"},
				"south": {"uv": [8, 11, 10, 12], "texture": "#0"},
				"west": {"uv": [11.5, 8.5, 13, 9.5], "texture": "#0"},
				"up": {"uv": [10.5, 8, 8.5, 6.5], "texture": "#0"},
				"down": {"uv": [11.5, 8, 9.5, 9.5], "texture": "#0"}
			}
		},
		{
			"from": [5.75, -0.25, 6.25],
			"to": [10.25, 2.25, 9.75],
			"rotation": {"angle": 0, "axis": "y", "origin": [7.5, -1, 8]},
			"faces": {
				"north": {"uv": [9.5, 9.5, 11.5, 10.5], "texture": "#0"},
				"east": {"uv": [10.5, 6, 12, 7], "texture": "#0"},
				"south": {"uv": [10, 0, 12, 1], "texture": "#0"},
				"west": {"uv": [11, 1.5, 12.5, 2.5], "texture": "#0"},
				"up": {"uv": [9.25, 9.75, 7, 8], "texture": "#0"},
				"down": {"uv": [10.5, 2.5, 8.5, 4], "texture": "#0"}
			}
		},
		{
			"from": [7.15, 0.1, 4.7],
			"to": [8.15, 1, 7.7],
			"rotation": {"angle": 22.5, "axis": "y", "origin": [8.5, 0, 8.7]},
			"faces": {
				"north": {"uv": [7.5, 12.5, 8, 13], "texture": "#0"},
				"east": {"uv": [12, 10, 13.5, 10.5], "texture": "#0"},
				"south": {"uv": [8, 12.5, 8.5, 13], "texture": "#0"},
				"west": {"uv": [12, 10.5, 13.5, 11], "texture": "#0"},
				"up": {"uv": [9.5, 13.5, 9, 12], "texture": "#0"},
				"down": {"uv": [10, 12, 9.5, 13.5], "texture": "#0"}
			}
		},
		{
			"from": [7.85, 0.1, 4.7],
			"to": [8.85, 1, 7.7],
			"rotation": {"angle": -22.5, "axis": "y", "origin": [7.5, 0, 8.7]},
			"faces": {
				"north": {"uv": [8.5, 12.5, 9, 13], "texture": "#0"},
				"east": {"uv": [11, 12, 12.5, 12.5], "texture": "#0"},
				"south": {"uv": [11, 12.5, 11.5, 13], "texture": "#0"},
				"west": {"uv": [0, 12.5, 1.5, 13], "texture": "#0"},
				"up": {"uv": [13, 1.5, 12.5, 0], "texture": "#0"},
				"down": {"uv": [2, 12.5, 1.5, 14], "texture": "#0"}
			}
		},
		{
			"from": [7.05, -0.1, 4.6],
			"to": [8.25, 1.1, 5.6],
			"rotation": {"angle": 22.5, "axis": "y", "origin": [8.5, 0, 8.7]},
			"faces": {
				"north": {"uv": [12.5, 11, 13, 11.5], "texture": "#0"},
				"east": {"uv": [11.5, 12.5, 12, 13], "texture": "#0"},
				"south": {"uv": [12.5, 11.5, 13, 12], "texture": "#0"},
				"west": {"uv": [12, 12.5, 12.5, 13], "texture": "#0"},
				"up": {"uv": [13, 12.5, 12.5, 12], "texture": "#0"},
				"down": {"uv": [13, 12.5, 12.5, 13], "texture": "#0"}
			}
		},
		{
			"from": [7.75, -0.1, 4.6],
			"to": [8.95, 1.1, 5.6],
			"rotation": {"angle": -22.5, "axis": "y", "origin": [7.5, 0, 8.7]},
			"faces": {
				"north": {"uv": [0, 13, 0.5, 13.5], "texture": "#0"},
				"east": {"uv": [13, 0, 13.5, 0.5], "texture": "#0"},
				"south": {"uv": [0.5, 13, 1, 13.5], "texture": "#0"},
				"west": {"uv": [13, 0.5, 13.5, 1], "texture": "#0"},
				"up": {"uv": [1.5, 13.5, 1, 13], "texture": "#0"},
				"down": {"uv": [13.5, 1, 13, 1.5], "texture": "#0"}
			}
		},
		{
			"from": [1.25, 9.75, 7],
			"to": [2.25, 10.75, 8],
			"rotation": {"angle": -22.5, "axis": "z", "origin": [0, 0, 0]},
			"faces": {
				"north": {"uv": [13, 1.5, 13.5, 2], "texture": "#0"},
				"east": {"uv": [13, 2, 13.5, 2.5], "texture": "#0"},
				"south": {"uv": [13, 2.5, 13.5, 3], "texture": "#0"},
				"west": {"uv": [13, 3, 13.5, 3.5], "texture": "#0"},
				"up": {"uv": [13.5, 4, 13, 3.5], "texture": "#0"},
				"down": {"uv": [13.5, 4, 13, 4.5], "texture": "#0"}
			}
		},
		{
			"from": [6.74, 2.8, 6.59],
			"to": [7.56, 3.62, 7.41],
			"rotation": {"angle": 0, "axis": "y", "origin": [1.44, 0, 1.44]},
			"faces": {
				"north": {"uv": [13, 4.5, 13.5, 5], "texture": "#0"},
				"east": {"uv": [13, 5, 13.5, 5.5], "texture": "#0"},
				"south": {"uv": [13, 5.5, 13.5, 6], "texture": "#0"},
				"west": {"uv": [13, 6, 13.5, 6.5], "texture": "#0"},
				"up": {"uv": [13.5, 7, 13, 6.5], "texture": "#0"},
				"down": {"uv": [13.5, 7, 13, 7.5], "texture": "#0"}
			}
		},
		{
			"from": [6.98, 3.1, 6.54],
			"to": [7.3, 3.42, 6.86],
			"rotation": {"angle": 0, "axis": "y", "origin": [5.44, 0, 5.44]},
			"faces": {
				"north": {"uv": [15.5, 15.5, 16, 16], "texture": "#0"},
				"east": {"uv": [7.5, 15.5, 8, 16], "texture": "#0"},
				"south": {"uv": [0, 0, 0.5, 0.5], "texture": "#0"},
				"west": {"uv": [3.375, 14.375, 3.875, 14.875], "texture": "#0"},
				"up": {"uv": [5.375, 15.125, 5.875, 15.625], "texture": "#0"},
				"down": {"uv": [6.875, 15.25, 7.375, 15.75], "texture": "#0"}
			}
		},
		{
			"from": [9.7, 4.5, 5.9],
			"to": [10.2, 6, 5.9],
			"faces": {
				"north": {"uv": [2.75, 15.25, 3, 16], "texture": "#0"},
				"east": {"uv": [0, 0, 0, 0.75], "texture": "#0"},
				"south": {"uv": [0, 0, 0.25, 0.75], "texture": "#0"},
				"west": {"uv": [0, 0, 0, 0.75], "texture": "#0"},
				"up": {"uv": [0, 0, 0.25, 0], "texture": "#0"},
				"down": {"uv": [0, 0, 0.25, 0], "texture": "#0"}
			}
		},
		{
			"from": [5.8, 4.5, 5.9],
			"to": [6.3, 6, 5.9],
			"rotation": {"angle": 0, "axis": "y", "origin": [16, 0, 0]},
			"faces": {
				"north": {"uv": [0.25, 15.375, 0.375, 15.75], "texture": "#0"},
				"east": {"uv": [0, 0, 0, 0.75], "texture": "#0"},
				"south": {"uv": [0.25, 0, 0, 0.75], "texture": "#0"},
				"west": {"uv": [0, 0, 0, 0.75], "texture": "#0"},
				"up": {"uv": [0.25, 0, 0, 0], "texture": "#0"},
				"down": {"uv": [0.25, 0, 0, 0], "texture": "#0"}
			}
		}
	],
	"display": {
		"thirdperson_righthand": {
			"rotation": [0, -180, 0],
			"translation": [0, 3.75, 1.5],
			"scale": [0.5, 0.5, 0.5]
		},
		"thirdperson_lefthand": {
			"rotation": [0, -180, 0],
			"translation": [0, 3.75, 1.5],
			"scale": [0.5, 0.5, 0.5]
		},
		"firstperson_righthand": {
			"rotation": [0, 120, 0],
			"translation": [0.5, 5.75, 0]
		},
		"firstperson_lefthand": {
			"rotation": [0, 120, 0],
			"translation": [0.5, 5.75, 0]
		},
		"ground": {
			"translation": [0, 4, 0]
		},
		"gui": {
			"rotation": [30, -150, 0],
			"translation": [0, 3.5, 0],
			"scale": [1.2, 1.2, 1.2]
		},
		"head": {
			"translation": [0, 18, 0],
			"scale": [1.5, 1.5, 1.5]
		},
		"fixed": {
			"rotation": [-90, 0, 0],
			"translation": [0, 2, -20],
			"scale": [2.5, 2.5, 2.5]
		}
	},
	"groups": [
		{
			"name": "hand",
			"origin": [0, 0, 0],
			"color": 0,
			"children": [0, 1, 2, 3]
		},
		{
			"name": "body",
			"origin": [-0.5, 0, 0],
			"color": 0,
			"children": [4, 5, 6, 7, 8, 9]
		},
		{
			"name": "legs",
			"origin": [-0.5, 0, 0],
			"color": 0,
			"children": [10, 11, 12, 13]
		},
		{
			"name": "face",
			"origin": [-0.5, 0, 0],
			"color": 0,
			"children": [14, 15, 16, 17, 18]
		}
	]
}