{
	"credit": "Made with Blockbench",
	"texture_size": [32, 32],
	"textures": {
		"0": "addon:block/youmu_fumo"
	},
	"elements": [
		{
			"from": [7.87624, 5.944, 7.1],
			"to": [10.87624, 6.944, 8.1],
			"rotation": {"angle": -45, "axis": "z", "origin": [5.07624, 3.344, 8]},
			"faces": {
				"north": {"uv": [7, 10, 8.5, 10.5], "texture": "#0"},
				"east": {"uv": [8, 2.5, 8.5, 3], "texture": "#0"},
				"south": {"uv": [12, 11.5, 13.5, 12], "texture": "#0"},
				"west": {"uv": [8.5, 10, 9, 10.5], "texture": "#0"},
				"up": {"uv": [1.5, 13, 0, 12.5], "texture": "#0"},
				"down": {"uv": [14, 1.5, 12.5, 2], "texture": "#0"}
			}
		},
		{
			"from": [5.12376, 5.944, 7.1],
			"to": [8.12376, 6.944, 8.1],
			"rotation": {"angle": 45, "axis": "z", "origin": [10.92376, 3.344, 8]},
			"faces": {
				"north": {"uv": [12.5, 2, 14, 2.5], "texture": "#0"},
				"east": {"uv": [1.5, 10.5, 2, 11], "texture": "#0"},
				"south": {"uv": [12.5, 2.5, 14, 3], "texture": "#0"},
				"west": {"uv": [1.5, 11, 2, 11.5], "texture": "#0"},
				"up": {"uv": [14, 3.5, 12.5, 3], "texture": "#0"},
				"down": {"uv": [14, 3.5, 12.5, 4], "texture": "#0"}
			}
		},
		{
			"from": [5.5, 4, 6],
			"to": [10.5, 9, 10],
			"rotation": {"angle": 0, "axis": "y", "origin": [7.5, -1, 8]},
			"faces": {
				"north": {"uv": [3, 0, 5.5, 2.5], "texture": "#0"},
				"east": {"uv": [0, 6, 2, 8.5], "texture": "#0"},
				"south": {"uv": [3, 2.5, 5.5, 5], "texture": "#0"},
				"west": {"uv": [8, 0, 10, 2.5], "texture": "#0"},
				"up": {"uv": [4.5, 10, 2, 8], "texture": "#0"},
				"down": {"uv": [7, 8, 4.5, 10], "texture": "#0"}
			}
		},
		{
			"name": "2",
			"from": [5.25, 3.75, 5.75],
			"to": [10.75, 9.25, 10.25],
			"rotation": {"angle": 0, "axis": "y", "origin": [7.5, -1, 8]},
			"faces": {
				"north": {"uv": [0, 0, 2.5, 2.5], "texture": "#0"},
				"east": {"uv": [3, 5, 5, 7.5], "texture": "#0"},
				"south": {"uv": [0, 3, 2.5, 5.5], "texture": "#0"},
				"west": {"uv": [5.5, 0, 7.5, 2.5], "texture": "#0"},
				"up": {"uv": [8, 5, 5.5, 3], "texture": "#0"},
				"down": {"uv": [8, 5.5, 5.5, 7.5], "texture": "#0"}
			}
		},
		{
			"from": [6.5, 0.3, 7],
			"to": [9.5, 4, 9],
			"rotation": {"angle": 0, "axis": "y", "origin": [7.5, -1, 8]},
			"faces": {
				"north": {"uv": [0, 10.5, 1.5, 12.25], "texture": "#0"},
				"east": {"uv": [2, 6, 3, 7.75], "texture": "#0"},
				"south": {"uv": [11, 1.5, 12.5, 3.25], "texture": "#0"},
				"west": {"uv": [7.5, 12, 8.5, 13.75], "texture": "#0"},
				"up": {"uv": [10, 13, 8.5, 12], "texture": "#0"},
				"down": {"uv": [11.5, 12, 10, 13], "texture": "#0"}
			}
		},
		{
			"from": [6.25, 0.3, 6.75],
			"to": [9.75, 4, 9.25],
			"rotation": {"angle": 0, "axis": "y", "origin": [7.5, -1, 8]},
			"faces": {
				"north": {"uv": [9, 6.5, 10.5, 8], "texture": "#0"},
				"east": {"uv": [11, 3.5, 12, 5], "texture": "#0"},
				"south": {"uv": [9, 8.5, 10.5, 10], "texture": "#0"},
				"west": {"uv": [11, 5.5, 12, 7], "texture": "#0"},
				"up": {"uv": [12.5, 8.5, 11, 7.5], "texture": "#0"},
				"down": {"uv": [12.5, 9, 11, 10], "texture": "#0"}
			}
		},
		{
			"from": [6, 0, 6.5],
			"to": [10, 2, 9.5],
			"rotation": {"angle": 0, "axis": "y", "origin": [7.5, -1, 8]},
			"faces": {
				"north": {"uv": [3.5, 12, 5.5, 13], "texture": "#0"},
				"east": {"uv": [12, 10.5, 13.5, 11.5], "texture": "#0"},
				"south": {"uv": [5.5, 12, 7.5, 13], "texture": "#0"},
				"west": {"uv": [11.5, 12, 13, 13], "texture": "#0"},
				"up": {"uv": [12, 1.5, 10, 0], "texture": "#0"},
				"down": {"uv": [4, 10, 2, 11.5], "texture": "#0"}
			}
		},
		{
			"from": [5.75, -0.25, 6.25],
			"to": [10.25, 2.25, 9.75],
			"rotation": {"angle": 0, "axis": "y", "origin": [7.5, -1, 8]},
			"faces": {
				"north": {"uv": [7, 10.5, 9, 11.5], "texture": "#0"},
				"east": {"uv": [1.5, 11.5, 3, 12.5], "texture": "#0"},
				"south": {"uv": [9.5, 10.5, 11.5, 11.5], "texture": "#0"},
				"west": {"uv": [12, 0, 13.5, 1], "texture": "#0"},
				"up": {"uv": [10.5, 4, 8.5, 2.5], "texture": "#0"},
				"down": {"uv": [10.5, 4.5, 8.5, 6], "texture": "#0"}
			}
		},
		{
			"from": [7.15, 0.1, 4.7],
			"to": [8.15, 1, 7.7],
			"rotation": {"angle": 22.5, "axis": "y", "origin": [8.5, 0, 8.7]},
			"faces": {
				"north": {"uv": [3.5, 11.5, 4, 12], "texture": "#0"},
				"east": {"uv": [12.5, 4, 14, 4.5], "texture": "#0"},
				"south": {"uv": [7, 13, 7.5, 13.5], "texture": "#0"},
				"west": {"uv": [12.5, 4.5, 14, 5], "texture": "#0"},
				"up": {"uv": [9, 8, 8.5, 6.5], "texture": "#0"},
				"down": {"uv": [13, 5, 12.5, 6.5], "texture": "#0"}
			}
		},
		{
			"from": [7.85, 0.1, 4.7],
			"to": [8.85, 1, 7.7],
			"rotation": {"angle": -22.5, "axis": "y", "origin": [7.5, 0, 8.7]},
			"faces": {
				"north": {"uv": [10.5, 13, 11, 13.5], "texture": "#0"},
				"east": {"uv": [12.5, 6.5, 14, 7], "texture": "#0"},
				"south": {"uv": [11, 13, 11.5, 13.5], "texture": "#0"},
				"west": {"uv": [12.5, 7, 14, 7.5], "texture": "#0"},
				"up": {"uv": [0.5, 14.5, 0, 13], "texture": "#0"},
				"down": {"uv": [1, 13, 0.5, 14.5], "texture": "#0"}
			}
		},
		{
			"from": [7.05, -0.1, 4.6],
			"to": [8.25, 1.1, 5.6],
			"rotation": {"angle": 22.5, "axis": "y", "origin": [8.5, 0, 8.7]},
			"faces": {
				"north": {"uv": [11.5, 13, 12, 13.5], "texture": "#0"},
				"east": {"uv": [12, 13, 12.5, 13.5], "texture": "#0"},
				"south": {"uv": [13, 12, 13.5, 12.5], "texture": "#0"},
				"west": {"uv": [12.5, 13, 13, 13.5], "texture": "#0"},
				"up": {"uv": [13.5, 13, 13, 12.5], "texture": "#0"},
				"down": {"uv": [13.5, 13, 13, 13.5], "texture": "#0"}
			}
		},
		{
			"from": [7.75, -0.1, 4.6],
			"to": [8.95, 1.1, 5.6],
			"rotation": {"angle": -22.5, "axis": "y", "origin": [7.5, 0, 8.7]},
			"faces": {
				"north": {"uv": [2, 13.5, 2.5, 14], "texture": "#0"},
				"east": {"uv": [2.5, 13.5, 3, 14], "texture": "#0"},
				"south": {"uv": [3, 13.5, 3.5, 14], "texture": "#0"},
				"west": {"uv": [3.5, 13.5, 4, 14], "texture": "#0"},
				"up": {"uv": [4.5, 14, 4, 13.5], "texture": "#0"},
				"down": {"uv": [5, 13.5, 4.5, 14], "texture": "#0"}
			}
		},
		{
			"from": [7.6694, 3.3284, 6.4604],
			"to": [8.3306, 3.9896, 7.1216],
			"rotation": {"angle": 0, "axis": "y", "origin": [7.6694, 0, 8]},
			"faces": {
				"north": {"uv": [6, 13.5, 6.25, 13.75], "texture": "#0"},
				"east": {"uv": [6.5, 13.5, 6.75, 13.75], "texture": "#0"},
				"south": {"uv": [7, 13.5, 7.25, 13.75], "texture": "#0"},
				"west": {"uv": [8.5, 13.5, 8.75, 13.75], "texture": "#0"},
				"up": {"uv": [9.25, 13.75, 9, 13.5], "texture": "#0"},
				"down": {"uv": [9.75, 13.5, 9.5, 13.75], "texture": "#0"}
			}
		},
		{
			"from": [7.0194, 2.7284, 6.7604],
			"to": [8.9806, 3.9896, 6.7604],
			"rotation": {"angle": 0, "axis": "y", "origin": [7.6694, 0, 8]},
			"faces": {
				"north": {"uv": [10, 1.5, 11, 2.25], "texture": "#0"},
				"east": {"uv": [0, 0, 0, 0.75], "texture": "#0"},
				"south": {"uv": [1, 13, 2, 13.75], "texture": "#0"},
				"west": {"uv": [0, 0, 0, 0.75], "texture": "#0"},
				"up": {"uv": [1, 0, 0, 0], "texture": "#0"},
				"down": {"uv": [1, 0, 0, 0], "texture": "#0"}
			}
		},
		{
			"from": [11.25, -4.5, 7],
			"to": [14.25, -0.5, 7],
			"rotation": {"angle": 45, "axis": "z", "origin": [0, 0, 0]},
			"faces": {
				"north": {"uv": [4, 10, 5.5, 12], "texture": "#0"},
				"east": {"uv": [0, 0, 0, 2], "texture": "#0"},
				"south": {"uv": [5.5, 10, 7, 12], "texture": "#0"},
				"west": {"uv": [0, 0, 0, 2], "texture": "#0"},
				"up": {"uv": [1.5, 0, 0, 0], "texture": "#0"},
				"down": {"uv": [1.5, 0, 0, 0], "texture": "#0"}
			}
		},
		{
			"from": [10, -5.25, 7.25],
			"to": [14, -1.25, 7.25],
			"rotation": {"angle": 45, "axis": "z", "origin": [0, 0, 0]},
			"faces": {
				"north": {"uv": [7, 8, 9, 10], "texture": "#0"},
				"east": {"uv": [0, 0, 0, 2], "texture": "#0"},
				"south": {"uv": [0, 8.5, 2, 10.5], "texture": "#0"},
				"west": {"uv": [0, 0, 0, 2], "texture": "#0"},
				"up": {"uv": [2, 0, 0, 0], "texture": "#0"},
				"down": {"uv": [2, 0, 0, 0], "texture": "#0"}
			}
		},
		{
			"from": [5.4, 4.3, 5.9],
			"to": [6.4, 7.3, 5.9],
			"faces": {
				"north": {"uv": [13.375, 14.5, 13.875, 16], "texture": "#0"},
				"east": {"uv": [0, 0, 0, 1.5], "texture": "#0"},
				"south": {"uv": [0, 0, 0.5, 1.5], "texture": "#0"},
				"west": {"uv": [0, 0, 0, 1.5], "texture": "#0"},
				"up": {"uv": [0, 0, 0.5, 0], "texture": "#0"},
				"down": {"uv": [0, 0, 0.5, 0], "texture": "#0"}
			}
		},
		{
			"from": [9.6, 4.3, 5.9],
			"to": [10.6, 7.3, 5.9],
			"rotation": {"angle": 0, "axis": "y", "origin": [16, 0, 0]},
			"faces": {
				"north": {"uv": [16, 14.5, 15.5, 16], "texture": "#0"},
				"east": {"uv": [0, 0, 0, 1.5], "texture": "#0"},
				"south": {"uv": [0.5, 0, 0, 1.5], "texture": "#0"},
				"west": {"uv": [0, 0, 0, 1.5], "texture": "#0"},
				"up": {"uv": [0.5, 0, 0, 0], "texture": "#0"},
				"down": {"uv": [0.5, 0, 0, 0], "texture": "#0"}
			}
		},
		{
			"from": [5.3, 5.45, 9.5],
			"to": [10.35, 6.15, 10.2],
			"rotation": {"angle": -22.5, "axis": "z", "origin": [-1, 4, 0]},
			"faces": {
				"north": {"uv": [2, 13, 4.5, 13.25], "texture": "#0"},
				"east": {"uv": [10, 13.5, 10.25, 13.75], "texture": "#0"},
				"south": {"uv": [4.5, 13, 7, 13.25], "texture": "#0"},
				"west": {"uv": [10.5, 13.5, 10.75, 13.75], "texture": "#0"},
				"up": {"uv": [15.5, 5.25, 13, 5], "texture": "#0"},
				"down": {"uv": [15.5, 5.5, 13, 5.75], "texture": "#0"}
			}
		},
		{
			"from": [5.05, 5.2, 9.25],
			"to": [6.6, 6.4, 10.45],
			"rotation": {"angle": -22.5, "axis": "z", "origin": [-1, 4, 0]},
			"faces": {
				"north": {"uv": [13, 8.5, 13.75, 9], "texture": "#0"},
				"east": {"uv": [5, 13.5, 5.5, 14], "texture": "#0"},
				"south": {"uv": [13, 9, 13.75, 9.5], "texture": "#0"},
				"west": {"uv": [5.5, 13.5, 6, 14], "texture": "#0"},
				"up": {"uv": [13.75, 10, 13, 9.5], "texture": "#0"},
				"down": {"uv": [13.75, 10, 13, 10.5], "texture": "#0"}
			}
		},
		{
			"from": [4.7, -1.25, 10.25],
			"to": [8.5, -0.55, 10.95],
			"rotation": {"angle": 22.5, "axis": "z", "origin": [-1, 4, 0]},
			"faces": {
				"north": {"uv": [13, 6, 15, 6.25], "texture": "#0"},
				"east": {"uv": [13.5, 10.5, 13.75, 10.75], "texture": "#0"},
				"south": {"uv": [13, 7.5, 15, 7.75], "texture": "#0"},
				"west": {"uv": [11, 13.5, 11.25, 13.75], "texture": "#0"},
				"up": {"uv": [15, 8.25, 13, 8], "texture": "#0"},
				"down": {"uv": [10.5, 13, 8.5, 13.25], "texture": "#0"}
			}
		}
	],
	"display": {
		"thirdperson_righthand": {
			"rotation": [0, -180, 0],
			"translation": [0, 3.75, 1.5],
			"scale": [0.5, 0.5, 0.5]
		},
		"thirdperson_lefthand": {
			"rotation": [0, -180, 0],
			"translation": [0, 3.75, 1.5],
			"scale": [0.5, 0.5, 0.5]
		},
		"firstperson_righthand": {
			"rotation": [0, 120, 0],
			"translation": [0.5, 5.75, 0]
		},
		"firstperson_lefthand": {
			"rotation": [0, 120, 0],
			"translation": [0.5, 5.75, 0]
		},
		"ground": {
			"translation": [0, 4, 0]
		},
		"gui": {
			"rotation": [30, -150, 0],
			"translation": [0, 3.5, 0],
			"scale": [1.2, 1.2, 1.2]
		},
		"head": {
			"translation": [0, 18, 0],
			"scale": [1.5, 1.5, 1.5]
		},
		"fixed": {
			"rotation": [-90, 0, 0],
			"translation": [0, 2, -20],
			"scale": [2.5, 2.5, 2.5]
		}
	},
	"groups": [
		{
			"name": "hand",
			"origin": [0, 0, 0],
			"color": 0,
			"children": [0, 1]
		},
		{
			"name": "body",
			"origin": [-0.5, 0, 0],
			"color": 0,
			"children": [2, 3, 4, 5, 6, 7]
		},
		{
			"name": "legs",
			"origin": [-0.5, 0, 0],
			"color": 0,
			"children": [8, 9, 10, 11]
		},
		{
			"name": "face",
			"origin": [-0.5, 0, 0],
			"color": 0,
			"children": [12, 13, 14, 15, 16, 17]
		},
		{
			"name": "group",
			"origin": [8, 8, 8],
			"color": 0,
			"children": [18, 19, 20]
		}
	]
}