{
	"credit": "Made with Blockbench",
	"texture_size": [64, 64],
	"textures": {
		"0": "addon:block/yukari_fumo"
	},
	"elements": [
		{
			"from": [7.87624, 5.944, 7.2],
			"to": [10.87624, 6.944, 8.2],
			"rotation": {"angle": -45, "axis": "z", "origin": [5.07624, 3.344, 8.1]},
			"faces": {
				"north": {"uv": [6.25, 0.75, 7, 1], "texture": "#0"},
				"east": {"uv": [2.5, 3.75, 2.75, 4], "texture": "#0"},
				"south": {"uv": [6.25, 4.25, 7, 4.5], "texture": "#0"},
				"west": {"uv": [2.5, 4, 2.75, 4.25], "texture": "#0"},
				"up": {"uv": [7.25, 3.75, 6.5, 3.5], "texture": "#0"},
				"down": {"uv": [7.25, 5.5, 6.5, 5.75], "texture": "#0"}
			}
		},
		{
			"from": [9.02624, 5.694, 6.95],
			"to": [10.77624, 7.194, 8.45],
			"rotation": {"angle": -45, "axis": "z", "origin": [5.07624, 3.344, 8.1]},
			"faces": {
				"north": {"uv": [5.75, 6.5, 6.25, 6.875], "texture": "#0"},
				"east": {"uv": [7, 2.5, 7.375, 2.875], "texture": "#0"},
				"south": {"uv": [6.5, 5.75, 7, 6.125], "texture": "#0"},
				"west": {"uv": [3.25, 7, 3.625, 7.375], "texture": "#0"},
				"up": {"uv": [6.75, 6.875, 6.25, 6.5], "texture": "#0"},
				"down": {"uv": [0.5, 6.75, 0, 7.125], "texture": "#0"}
			}
		},
		{
			"from": [5.22376, 5.694, 6.95],
			"to": [6.97376, 7.194, 8.45],
			"rotation": {"angle": 45, "axis": "z", "origin": [10.92376, 3.344, 8.1]},
			"faces": {
				"north": {"uv": [0.5, 6.75, 1, 7.125], "texture": "#0"},
				"east": {"uv": [3.75, 7, 4.125, 7.375], "texture": "#0"},
				"south": {"uv": [1, 6.75, 1.5, 7.125], "texture": "#0"},
				"west": {"uv": [4.25, 7, 4.625, 7.375], "texture": "#0"},
				"up": {"uv": [2, 7.125, 1.5, 6.75], "texture": "#0"},
				"down": {"uv": [7.25, 6.25, 6.75, 6.625], "texture": "#0"}
			}
		},
		{
			"from": [5.12376, 5.944, 7.2],
			"to": [8.12376, 6.944, 8.2],
			"rotation": {"angle": 45, "axis": "z", "origin": [10.92376, 3.344, 8.1]},
			"faces": {
				"north": {"uv": [6.75, 6.75, 7.5, 7], "texture": "#0"},
				"east": {"uv": [3.75, 4.25, 4, 4.5], "texture": "#0"},
				"south": {"uv": [7, 0, 7.75, 0.25], "texture": "#0"},
				"west": {"uv": [5, 2.25, 5.25, 2.5], "texture": "#0"},
				"up": {"uv": [7.75, 0.5, 7, 0.25], "texture": "#0"},
				"down": {"uv": [7.75, 0.5, 7, 0.75], "texture": "#0"}
			}
		},
		{
			"from": [5.5, 4, 6],
			"to": [10.5, 9, 10],
			"rotation": {"angle": 0, "axis": "y", "origin": [7.5, -1, 8]},
			"faces": {
				"north": {"uv": [1.5, 0, 2.75, 1.25], "texture": "#0"},
				"east": {"uv": [1.5, 3.75, 2.5, 5], "texture": "#0"},
				"south": {"uv": [1.5, 1.25, 2.75, 2.5], "texture": "#0"},
				"west": {"uv": [4, 1.25, 5, 2.5], "texture": "#0"},
				"up": {"uv": [5.25, 3.5, 4, 2.5], "texture": "#0"},
				"down": {"uv": [5.25, 3.5, 4, 4.5], "texture": "#0"}
			}
		},
		{
			"from": [5.4, 7.5, 5.9],
			"to": [10.6, 9.1, 10.1],
			"rotation": {"angle": 0, "axis": "y", "origin": [7.5, -1, 8]},
			"faces": {
				"north": {"uv": [6, 4.5, 7.25, 4.875], "texture": "#0"},
				"east": {"uv": [6.25, 3.75, 7.25, 4.125], "texture": "#0"},
				"south": {"uv": [6, 5, 7.25, 5.375], "texture": "#0"},
				"west": {"uv": [2, 6.5, 3, 6.875], "texture": "#0"},
				"up": {"uv": [1.25, 5.25, 0, 4.25], "texture": "#0"},
				"down": {"uv": [3.75, 4.25, 2.5, 5.25], "texture": "#0"}
			}
		},
		{
			"name": "2",
			"from": [5.25, 3.75, 5.75],
			"to": [10.75, 9.25, 10.25],
			"rotation": {"angle": 0, "axis": "y", "origin": [7.5, -1, 8]},
			"faces": {
				"north": {"uv": [0, 0, 1.25, 1.25], "texture": "#0"},
				"east": {"uv": [2.75, 1.25, 3.75, 2.5], "texture": "#0"},
				"south": {"uv": [0, 1.5, 1.25, 2.75], "texture": "#0"},
				"west": {"uv": [2.75, 2.75, 3.75, 4], "texture": "#0"},
				"up": {"uv": [1.25, 4, 0, 3], "texture": "#0"},
				"down": {"uv": [5.25, 0, 4, 1], "texture": "#0"}
			}
		},
		{
			"from": [6.5, 0.3, 7],
			"to": [9.5, 4, 9],
			"rotation": {"angle": 0, "axis": "y", "origin": [7.5, -1, 8]},
			"faces": {
				"north": {"uv": [5.5, 0, 6.25, 0.875], "texture": "#0"},
				"east": {"uv": [3, 6, 3.5, 6.875], "texture": "#0"},
				"south": {"uv": [3.75, 5.5, 4.5, 6.375], "texture": "#0"},
				"west": {"uv": [6, 5.5, 6.5, 6.375], "texture": "#0"},
				"up": {"uv": [7.25, 3.5, 6.5, 3], "texture": "#0"},
				"down": {"uv": [4.25, 6.5, 3.5, 7], "texture": "#0"}
			}
		},
		{
			"from": [6.25, 0.3, 6.75],
			"to": [9.75, 4, 9.25],
			"rotation": {"angle": 0, "axis": "y", "origin": [7.5, -1, 8]},
			"faces": {
				"north": {"uv": [5, 1.25, 5.75, 2], "texture": "#0"},
				"east": {"uv": [4.5, 5.5, 5, 6.25], "texture": "#0"},
				"south": {"uv": [5, 4.5, 5.75, 5.25], "texture": "#0"},
				"west": {"uv": [5.25, 5.5, 5.75, 6.25], "texture": "#0"},
				"up": {"uv": [6, 4.25, 5.25, 3.75], "texture": "#0"},
				"down": {"uv": [0.75, 6, 0, 6.5], "texture": "#0"}
			}
		},
		{
			"from": [6, 0, 6.5],
			"to": [10, 2, 9.5],
			"rotation": {"angle": 0, "axis": "y", "origin": [7.5, -1, 8]},
			"faces": {
				"north": {"uv": [6, 1.75, 7, 2.25], "texture": "#0"},
				"east": {"uv": [4.25, 6.5, 5, 7], "texture": "#0"},
				"south": {"uv": [2, 6, 3, 6.5], "texture": "#0"},
				"west": {"uv": [5, 6.5, 5.75, 7], "texture": "#0"},
				"up": {"uv": [1, 6, 0, 5.25], "texture": "#0"},
				"down": {"uv": [6.25, 2.25, 5.25, 3], "texture": "#0"}
			}
		},
		{
			"from": [5.75, -0.25, 6.25],
			"to": [10.25, 2.25, 9.75],
			"rotation": {"angle": 0, "axis": "y", "origin": [7.5, -1, 8]},
			"faces": {
				"north": {"uv": [2.5, 5.25, 3.5, 5.75], "texture": "#0"},
				"east": {"uv": [1, 6, 1.75, 6.5], "texture": "#0"},
				"south": {"uv": [5.25, 3, 6.25, 3.5], "texture": "#0"},
				"west": {"uv": [6, 1, 6.75, 1.5], "texture": "#0"},
				"up": {"uv": [4.75, 5.25, 3.75, 4.5], "texture": "#0"},
				"down": {"uv": [2.25, 5, 1.25, 5.75], "texture": "#0"}
			}
		},
		{
			"from": [7.15, 0.1, 4.7],
			"to": [8.15, 1, 7.7],
			"rotation": {"angle": 22.5, "axis": "y", "origin": [8.5, 0, 8.7]},
			"faces": {
				"north": {"uv": [5.5, 1, 5.75, 1.25], "texture": "#0"},
				"east": {"uv": [7, 0.75, 7.75, 1], "texture": "#0"},
				"south": {"uv": [5.75, 1, 6, 1.25], "texture": "#0"},
				"west": {"uv": [7, 1, 7.75, 1.25], "texture": "#0"},
				"up": {"uv": [1.5, 5, 1.25, 4.25], "texture": "#0"},
				"down": {"uv": [1.25, 5.25, 1, 6], "texture": "#0"}
			}
		},
		{
			"from": [7.85, 0.1, 4.7],
			"to": [8.85, 1, 7.7],
			"rotation": {"angle": -22.5, "axis": "y", "origin": [7.5, 0, 8.7]},
			"faces": {
				"north": {"uv": [3.5, 6, 3.75, 6.25], "texture": "#0"},
				"east": {"uv": [7, 1.25, 7.75, 1.5], "texture": "#0"},
				"south": {"uv": [3.5, 6.25, 3.75, 6.5], "texture": "#0"},
				"west": {"uv": [7, 1.5, 7.75, 1.75], "texture": "#0"},
				"up": {"uv": [7.25, 2.5, 7, 1.75], "texture": "#0"},
				"down": {"uv": [2.25, 7, 2, 7.75], "texture": "#0"}
			}
		},
		{
			"from": [7.05, -0.1, 4.6],
			"to": [8.25, 1.1, 5.6],
			"rotation": {"angle": 22.5, "axis": "y", "origin": [8.5, 0, 8.7]},
			"faces": {
				"north": {"uv": [6.5, 6.25, 6.75, 6.5], "texture": "#0"},
				"east": {"uv": [7.25, 6.5, 7.5, 6.75], "texture": "#0"},
				"south": {"uv": [0.75, 7.5, 1, 7.75], "texture": "#0"},
				"west": {"uv": [1, 7.5, 1.25, 7.75], "texture": "#0"},
				"up": {"uv": [1.5, 7.75, 1.25, 7.5], "texture": "#0"},
				"down": {"uv": [1.75, 7.5, 1.5, 7.75], "texture": "#0"}
			}
		},
		{
			"from": [7.75, -0.1, 4.6],
			"to": [8.95, 1.1, 5.6],
			"rotation": {"angle": -22.5, "axis": "y", "origin": [7.5, 0, 8.7]},
			"faces": {
				"north": {"uv": [1.75, 7.5, 2, 7.75], "texture": "#0"},
				"east": {"uv": [7.5, 2.5, 7.75, 2.75], "texture": "#0"},
				"south": {"uv": [7.5, 2.75, 7.75, 3], "texture": "#0"},
				"west": {"uv": [7.5, 3, 7.75, 3.25], "texture": "#0"},
				"up": {"uv": [3.5, 7.75, 3.25, 7.5], "texture": "#0"},
				"down": {"uv": [7.75, 3.25, 7.5, 3.5], "texture": "#0"}
			}
		},
		{
			"from": [6.6694, 0.6534, 5.5354],
			"to": [9.3306, 3.3146, 5.5354],
			"rotation": {"angle": 22.5, "axis": "x", "origin": [7.6694, 0, 8]},
			"faces": {
				"north": {"uv": [6.25, 0, 6.875, 0.625], "texture": "#0"},
				"east": {"uv": [0, 0, 0, 0.625], "texture": "#0"},
				"south": {"uv": [6.25, 2.25, 6.875, 2.875], "texture": "#0"},
				"west": {"uv": [0, 0, 0, 0.625], "texture": "#0"},
				"up": {"uv": [0.625, 0, 0, 0], "texture": "#0"},
				"down": {"uv": [0.625, 0, 0, 0], "texture": "#0"}
			}
		},
		{
			"from": [9.75, 2.5, 5.9],
			"to": [10.5, 5.5, 5.9],
			"faces": {
				"north": {"uv": [2.25, 7, 2.5, 7.75], "texture": "#0"},
				"east": {"uv": [0, 0, 0, 0.75], "texture": "#0"},
				"south": {"uv": [2.5, 7, 2.75, 7.75], "texture": "#0"},
				"west": {"uv": [0, 0, 0, 0.75], "texture": "#0"},
				"up": {"uv": [0.25, 0, 0, 0], "texture": "#0"},
				"down": {"uv": [0.25, 0, 0, 0], "texture": "#0"}
			}
		},
		{
			"from": [5.5, 2.5, 5.9],
			"to": [6.25, 5.5, 5.9],
			"rotation": {"angle": 0, "axis": "y", "origin": [16, 0, 0]},
			"faces": {
				"north": {"uv": [2.75, 7, 3, 7.75], "texture": "#0"},
				"east": {"uv": [0, 0, 0, 0.75], "texture": "#0"},
				"south": {"uv": [3, 7, 3.25, 7.75], "texture": "#0"},
				"west": {"uv": [0, 0, 0, 0.75], "texture": "#0"},
				"up": {"uv": [0.25, 0, 0, 0], "texture": "#0"},
				"down": {"uv": [0.25, 0, 0, 0], "texture": "#0"}
			}
		},
		{
			"from": [5.5, -1, 12.15],
			"to": [10.5, 4, 12.15],
			"rotation": {"angle": -22.5, "axis": "x", "origin": [0, 0, 0]},
			"faces": {
				"north": {"uv": [1.5, 2.5, 2.75, 3.75], "texture": "#0"},
				"east": {"uv": [0, 0, 0, 1.25], "texture": "#0"},
				"south": {"uv": [2.75, 0, 4, 1.25], "texture": "#0"},
				"west": {"uv": [0, 0, 0, 1.25], "texture": "#0"},
				"up": {"uv": [1.25, 0, 0, 0], "texture": "#0"},
				"down": {"uv": [1.25, 0, 0, 0], "texture": "#0"}
			}
		},
		{
			"from": [4.488, 8.086, 5.58],
			"to": [8.07075, 8.41875, 5.905],
			"rotation": {"angle": -22.5, "axis": "z", "origin": [5.188, -1.5, 5.338]},
			"faces": {
				"north": {"uv": [7, 4.25, 7.875, 4.375], "texture": "#0"},
				"east": {"uv": [3.5, 7.5, 3.625, 7.625], "texture": "#0"},
				"south": {"uv": [4.75, 7, 5.625, 7.125], "texture": "#0"},
				"west": {"uv": [7.5, 3.5, 7.625, 3.625], "texture": "#0"},
				"up": {"uv": [6.625, 7.125, 5.75, 7], "texture": "#0"},
				"down": {"uv": [7.875, 5.75, 7, 5.875], "texture": "#0"}
			}
		},
		{
			"from": [11.713, 6.011, 5.58],
			"to": [15.29575, 6.34375, 5.905],
			"rotation": {"angle": 22.5, "axis": "z", "origin": [5.188, -1.5, 5.338]},
			"faces": {
				"north": {"uv": [7, 6, 7.875, 6.125], "texture": "#0"},
				"east": {"uv": [3.75, 7.5, 3.875, 7.625], "texture": "#0"},
				"south": {"uv": [6.75, 7, 7.625, 7.125], "texture": "#0"},
				"west": {"uv": [7.5, 3.75, 7.625, 3.875], "texture": "#0"},
				"up": {"uv": [0.875, 7.375, 0, 7.25], "texture": "#0"},
				"down": {"uv": [1.875, 7.25, 1, 7.375], "texture": "#0"}
			}
		},
		{
			"from": [11.513, 6.261, 5.576],
			"to": [11.84575, 9.61875, 5.90875],
			"rotation": {"angle": 0, "axis": "z", "origin": [5.188, -1.5, 5.338]},
			"faces": {
				"north": {"uv": [7.25, 3, 7.375, 3.875], "texture": "#0"},
				"east": {"uv": [7.25, 4.5, 7.375, 5.375], "texture": "#0"},
				"south": {"uv": [4.75, 7.25, 4.875, 8.125], "texture": "#0"},
				"west": {"uv": [5, 7.25, 5.125, 8.125], "texture": "#0"},
				"up": {"uv": [4.125, 7.625, 4, 7.5], "texture": "#0"},
				"down": {"uv": [4.375, 7.5, 4.25, 7.625], "texture": "#0"}
			}
		},
		{
			"from": [7.92925, 8.086, 5.58],
			"to": [11.612, 8.41875, 5.905],
			"rotation": {"angle": 22.5, "axis": "z", "origin": [10.812, -1.5, 5.338]},
			"faces": {
				"north": {"uv": [7.25, 1.75, 8.125, 1.875], "texture": "#0"},
				"east": {"uv": [4.5, 7.5, 4.625, 7.625], "texture": "#0"},
				"south": {"uv": [7.25, 2, 8.125, 2.125], "texture": "#0"},
				"west": {"uv": [7.5, 4.5, 7.625, 4.625], "texture": "#0"},
				"up": {"uv": [8.125, 2.375, 7.25, 2.25], "texture": "#0"},
				"down": {"uv": [8.125, 4, 7.25, 4.125], "texture": "#0"}
			}
		},
		{
			"from": [0.70425, 6.011, 5.58],
			"to": [4.387, 6.34375, 5.905],
			"rotation": {"angle": -22.5, "axis": "z", "origin": [10.812, -1.5, 5.338]},
			"faces": {
				"north": {"uv": [5.25, 7.25, 6.125, 7.375], "texture": "#0"},
				"east": {"uv": [7.5, 4.75, 7.625, 4.875], "texture": "#0"},
				"south": {"uv": [7.25, 5.5, 8.125, 5.625], "texture": "#0"},
				"west": {"uv": [7.5, 5, 7.625, 5.125], "texture": "#0"},
				"up": {"uv": [7.125, 7.375, 6.25, 7.25], "texture": "#0"},
				"down": {"uv": [8.125, 6.25, 7.25, 6.375], "texture": "#0"}
			}
		},
		{
			"from": [4.15425, 6.261, 5.576],
			"to": [4.487, 9.61875, 5.90875],
			"rotation": {"angle": 0, "axis": "z", "origin": [10.812, -1.5, 5.338]},
			"faces": {
				"north": {"uv": [7.25, 7.25, 7.375, 8.125], "texture": "#0"},
				"east": {"uv": [0, 7.5, 0.125, 8.375], "texture": "#0"},
				"south": {"uv": [0.25, 7.5, 0.375, 8.375], "texture": "#0"},
				"west": {"uv": [0.5, 7.5, 0.625, 8.375], "texture": "#0"},
				"up": {"uv": [5.375, 7.625, 5.25, 7.5], "texture": "#0"},
				"down": {"uv": [7.625, 5.25, 7.5, 5.375], "texture": "#0"}
			}
		},
		{
			"from": [7.713, 7.611, 5.576],
			"to": [8.34575, 8.26875, 5.90875],
			"rotation": {"angle": 0, "axis": "z", "origin": [4.988, -1.5, 5.338]},
			"faces": {
				"north": {"uv": [5.5, 7.5, 5.625, 7.625], "texture": "#0"},
				"east": {"uv": [5.75, 7.5, 5.875, 7.625], "texture": "#0"},
				"south": {"uv": [6, 7.5, 6.125, 7.625], "texture": "#0"},
				"west": {"uv": [6.25, 7.5, 6.375, 7.625], "texture": "#0"},
				"up": {"uv": [6.625, 7.625, 6.5, 7.5], "texture": "#0"},
				"down": {"uv": [7.625, 6.5, 7.5, 6.625], "texture": "#0"}
			}
		}
	],
	"display": {
		"thirdperson_righthand": {
			"rotation": [0, -180, 0],
			"translation": [0, 3.75, 1.5],
			"scale": [0.5, 0.5, 0.5]
		},
		"thirdperson_lefthand": {
			"rotation": [0, -180, 0],
			"translation": [0, 3.75, 1.5],
			"scale": [0.5, 0.5, 0.5]
		},
		"firstperson_righthand": {
			"rotation": [0, 120, 0],
			"translation": [0.5, 5.75, 0]
		},
		"firstperson_lefthand": {
			"rotation": [0, 120, 0],
			"translation": [0.5, 5.75, 0]
		},
		"ground": {
			"translation": [0, 4, 0]
		},
		"gui": {
			"rotation": [30, -150, 0],
			"translation": [0, 3.5, 0],
			"scale": [1.2, 1.2, 1.2]
		},
		"head": {
			"translation": [0, 18, 0],
			"scale": [1.5, 1.5, 1.5]
		},
		"fixed": {
			"rotation": [-90, 0, 0],
			"translation": [0, 2, -20],
			"scale": [2.5, 2.5, 2.5]
		}
	},
	"groups": [
		{
			"name": "hand",
			"origin": [0, 0, 0],
			"color": 0,
			"children": [0, 1, 2, 3]
		},
		{
			"name": "body",
			"origin": [-0.5, 0, 0],
			"color": 0,
			"children": [4, 5, 6, 7, 8, 9, 10]
		},
		{
			"name": "legs",
			"origin": [-0.5, 0, 0],
			"color": 0,
			"children": [11, 12, 13, 14]
		},
		{
			"name": "face",
			"origin": [-0.5, 0, 0],
			"color": 0,
			"children": [15, 16, 17, 18]
		},
		{
			"name": "group",
			"origin": [8, 8, 8],
			"color": 0,
			"children": [19, 20, 21, 22, 23, 24, 25]
		}
	]
}