{
	"credit": "Made with Blockbench",
	"texture_size": [32, 32],
	"textures": {
		"0": "addon:block/yuyuko_fumo"
	},
	"elements": [
		{
			"from": [7.87624, 5.944, 7.1],
			"to": [10.87624, 6.944, 8.1],
			"rotation": {"angle": -45, "axis": "z", "origin": [5.07624, 3.344, 8]},
			"faces": {
				"north": {"uv": [8.5, 2.5, 10, 3], "texture": "#0"},
				"east": {"uv": [6.5, 11.5, 7, 12], "texture": "#0"},
				"south": {"uv": [12.5, 12, 14, 12.5], "texture": "#0"},
				"west": {"uv": [12, 7, 12.5, 7.5], "texture": "#0"},
				"up": {"uv": [14, 13, 12.5, 12.5], "texture": "#0"},
				"down": {"uv": [14.5, 0, 13, 0.5], "texture": "#0"}
			}
		},
		{
			"from": [5.12376, 5.944, 7.1],
			"to": [8.12376, 6.944, 8.1],
			"rotation": {"angle": 45, "axis": "z", "origin": [10.92376, 3.344, 8]},
			"faces": {
				"north": {"uv": [13, 0.5, 14.5, 1], "texture": "#0"},
				"east": {"uv": [3, 13.5, 3.5, 14], "texture": "#0"},
				"south": {"uv": [13, 1, 14.5, 1.5], "texture": "#0"},
				"west": {"uv": [5.5, 13.5, 6, 14], "texture": "#0"},
				"up": {"uv": [6, 13.5, 4.5, 13], "texture": "#0"},
				"down": {"uv": [14.5, 5, 13, 5.5], "texture": "#0"}
			}
		},
		{
			"from": [5.22376, 5.694, 6.85],
			"to": [6.97376, 7.194, 8.35],
			"rotation": {"angle": 45, "axis": "z", "origin": [10.92376, 3.344, 8]},
			"faces": {
				"north": {"uv": [1.5, 11, 2.5, 11.75], "texture": "#0"},
				"east": {"uv": [4.5, 13.5, 5.25, 14.25], "texture": "#0"},
				"south": {"uv": [13, 5.5, 14, 6.25], "texture": "#0"},
				"west": {"uv": [10.5, 13.5, 11.25, 14.25], "texture": "#0"},
				"up": {"uv": [7, 13.75, 6, 13], "texture": "#0"},
				"down": {"uv": [8, 13, 7, 13.75], "texture": "#0"}
			}
		},
		{
			"from": [9.02624, 5.694, 6.85],
			"to": [10.77624, 7.194, 8.35],
			"rotation": {"angle": -45, "axis": "z", "origin": [5.07624, 3.344, 8]},
			"faces": {
				"north": {"uv": [13, 8, 14, 8.75], "texture": "#0"},
				"east": {"uv": [13.5, 10.5, 14.25, 11.25], "texture": "#0"},
				"south": {"uv": [8.5, 13, 9.5, 13.75], "texture": "#0"},
				"west": {"uv": [11.5, 13.5, 12.25, 14.25], "texture": "#0"},
				"up": {"uv": [14, 9.75, 13, 9], "texture": "#0"},
				"down": {"uv": [10.5, 13, 9.5, 13.75], "texture": "#0"}
			}
		},
		{
			"from": [5.5, 4, 6],
			"to": [10.5, 9, 10],
			"rotation": {"angle": 0, "axis": "y", "origin": [7.5, -1, 8]},
			"faces": {
				"north": {"uv": [3, 5, 5.5, 7.5], "texture": "#0"},
				"east": {"uv": [8, 3, 10, 5.5], "texture": "#0"},
				"south": {"uv": [5.5, 5, 8, 7.5], "texture": "#0"},
				"west": {"uv": [8.5, 0, 10.5, 2.5], "texture": "#0"},
				"up": {"uv": [10.5, 7.5, 8, 5.5], "texture": "#0"},
				"down": {"uv": [11, 7.5, 8.5, 9.5], "texture": "#0"}
			}
		},
		{
			"name": "2",
			"from": [5.25, 3.75, 5.75],
			"to": [10.75, 9.25, 10.25],
			"rotation": {"angle": 0, "axis": "y", "origin": [7.5, -1, 8]},
			"faces": {
				"north": {"uv": [0, 0, 2.5, 2.5], "texture": "#0"},
				"east": {"uv": [0, 6, 2, 8.5], "texture": "#0"},
				"south": {"uv": [0, 3, 2.5, 5.5], "texture": "#0"},
				"west": {"uv": [6, 0, 8, 2.5], "texture": "#0"},
				"up": {"uv": [5, 9.5, 2.5, 7.5], "texture": "#0"},
				"down": {"uv": [8, 7.5, 5.5, 9.5], "texture": "#0"}
			}
		},
		{
			"from": [6.5, 0.3, 7],
			"to": [9.5, 4, 9],
			"rotation": {"angle": 0, "axis": "y", "origin": [7.5, -1, 8]},
			"faces": {
				"north": {"uv": [7, 10, 8.5, 11.75], "texture": "#0"},
				"east": {"uv": [3.5, 12, 4.5, 13.75], "texture": "#0"},
				"south": {"uv": [10.5, 5.5, 12, 7.25], "texture": "#0"},
				"west": {"uv": [12, 5, 13, 6.75], "texture": "#0"},
				"up": {"uv": [12, 2.5, 10.5, 1.5], "texture": "#0"},
				"down": {"uv": [8, 12, 6.5, 13], "texture": "#0"}
			}
		},
		{
			"from": [6.25, 0.3, 6.75],
			"to": [9.75, 4, 9.25],
			"rotation": {"angle": 0, "axis": "y", "origin": [7.5, -1, 8]},
			"faces": {
				"north": {"uv": [6, 3, 7.5, 4.5], "texture": "#0"},
				"east": {"uv": [11, 9, 12, 10.5], "texture": "#0"},
				"south": {"uv": [2.5, 10, 4, 11.5], "texture": "#0"},
				"west": {"uv": [11, 11, 12, 12.5], "texture": "#0"},
				"up": {"uv": [6, 12.5, 4.5, 11.5], "texture": "#0"},
				"down": {"uv": [10, 11.5, 8.5, 12.5], "texture": "#0"}
			}
		},
		{
			"from": [6, 0, 6.5],
			"to": [10, 2, 9.5],
			"rotation": {"angle": 0, "axis": "y", "origin": [7.5, -1, 8]},
			"faces": {
				"north": {"uv": [12, 3, 14, 4], "texture": "#0"},
				"east": {"uv": [0, 12.5, 1.5, 13.5], "texture": "#0"},
				"south": {"uv": [12, 4, 14, 5], "texture": "#0"},
				"west": {"uv": [12.5, 7, 14, 8], "texture": "#0"},
				"up": {"uv": [12, 4, 10, 2.5], "texture": "#0"},
				"down": {"uv": [12, 4, 10, 5.5], "texture": "#0"}
			}
		},
		{
			"from": [5.75, -0.25, 6.25],
			"to": [10.25, 2.25, 9.75],
			"rotation": {"angle": 0, "axis": "y", "origin": [7.5, -1, 8]},
			"faces": {
				"north": {"uv": [4.5, 10, 6.5, 11], "texture": "#0"},
				"east": {"uv": [1.5, 12, 3, 13], "texture": "#0"},
				"south": {"uv": [10.5, 0, 12.5, 1], "texture": "#0"},
				"west": {"uv": [12, 1.5, 13.5, 2.5], "texture": "#0"},
				"up": {"uv": [2, 10.5, 0, 9], "texture": "#0"},
				"down": {"uv": [10.5, 9.5, 8.5, 11], "texture": "#0"}
			}
		},
		{
			"from": [7.15, 0.1, 4.7],
			"to": [8.15, 1, 7.7],
			"rotation": {"angle": 22.5, "axis": "y", "origin": [8.5, 0, 8.7]},
			"faces": {
				"north": {"uv": [13.5, 11.5, 14, 12], "texture": "#0"},
				"east": {"uv": [13, 6.5, 14.5, 7], "texture": "#0"},
				"south": {"uv": [12.5, 13.5, 13, 14], "texture": "#0"},
				"west": {"uv": [13, 10, 14.5, 10.5], "texture": "#0"},
				"up": {"uv": [3, 7.5, 2.5, 6], "texture": "#0"},
				"down": {"uv": [13.5, 10.5, 13, 12], "texture": "#0"}
			}
		},
		{
			"from": [7.85, 0.1, 4.7],
			"to": [8.85, 1, 7.7],
			"rotation": {"angle": -22.5, "axis": "y", "origin": [7.5, 0, 8.7]},
			"faces": {
				"north": {"uv": [13, 13.5, 13.5, 14], "texture": "#0"},
				"east": {"uv": [11, 13, 12.5, 13.5], "texture": "#0"},
				"south": {"uv": [13.5, 13.5, 14, 14], "texture": "#0"},
				"west": {"uv": [12.5, 13, 14, 13.5], "texture": "#0"},
				"up": {"uv": [0.5, 15, 0, 13.5], "texture": "#0"},
				"down": {"uv": [1, 13.5, 0.5, 15], "texture": "#0"}
			}
		},
		{
			"from": [7.05, -0.1, 4.6],
			"to": [8.25, 1.1, 5.6],
			"rotation": {"angle": 22.5, "axis": "y", "origin": [8.5, 0, 8.7]},
			"faces": {
				"north": {"uv": [14, 1.5, 14.5, 2], "texture": "#0"},
				"east": {"uv": [14, 2, 14.5, 2.5], "texture": "#0"},
				"south": {"uv": [14, 2.5, 14.5, 3], "texture": "#0"},
				"west": {"uv": [3, 14, 3.5, 14.5], "texture": "#0"},
				"up": {"uv": [14.5, 3.5, 14, 3], "texture": "#0"},
				"down": {"uv": [4, 14, 3.5, 14.5], "texture": "#0"}
			}
		},
		{
			"from": [7.75, -0.1, 4.6],
			"to": [8.95, 1.1, 5.6],
			"rotation": {"angle": -22.5, "axis": "y", "origin": [7.5, 0, 8.7]},
			"faces": {
				"north": {"uv": [14, 3.5, 14.5, 4], "texture": "#0"},
				"east": {"uv": [4, 14, 4.5, 14.5], "texture": "#0"},
				"south": {"uv": [14, 4, 14.5, 4.5], "texture": "#0"},
				"west": {"uv": [14, 4.5, 14.5, 5], "texture": "#0"},
				"up": {"uv": [6, 14.5, 5.5, 14], "texture": "#0"},
				"down": {"uv": [14.5, 5.5, 14, 6], "texture": "#0"}
			}
		},
		{
			"from": [7.6694, 3.3284, 6.4604],
			"to": [8.3306, 3.9896, 7.1216],
			"rotation": {"angle": 0, "axis": "y", "origin": [7.6694, 0, 8]},
			"faces": {
				"north": {"uv": [6, 14, 6.25, 14.25], "texture": "#0"},
				"east": {"uv": [14, 6, 14.25, 6.25], "texture": "#0"},
				"south": {"uv": [6.5, 14, 6.75, 14.25], "texture": "#0"},
				"west": {"uv": [7, 14, 7.25, 14.25], "texture": "#0"},
				"up": {"uv": [14.25, 7.25, 14, 7], "texture": "#0"},
				"down": {"uv": [7.75, 14, 7.5, 14.25], "texture": "#0"}
			}
		},
		{
			"from": [7.0194, 2.7284, 6.6604],
			"to": [8.9806, 3.9896, 6.6604],
			"rotation": {"angle": 0, "axis": "y", "origin": [7.6694, 0, 8]},
			"faces": {
				"north": {"uv": [1, 13.5, 2, 14.25], "texture": "#0"},
				"east": {"uv": [0, 0, 0, 0.75], "texture": "#0"},
				"south": {"uv": [2, 13.5, 3, 14.25], "texture": "#0"},
				"west": {"uv": [0, 0, 0, 0.75], "texture": "#0"},
				"up": {"uv": [1, 0, 0, 0], "texture": "#0"},
				"down": {"uv": [1, 0, 0, 0], "texture": "#0"}
			}
		},
		{
			"from": [5.3, 3.25, 5.925],
			"to": [6.3, 7.25, 5.925],
			"faces": {
				"north": {"uv": [10.5, 11.5, 11, 13.5], "texture": "#0"},
				"east": {"uv": [0, 0, 0, 2], "texture": "#0"},
				"south": {"uv": [8, 12, 8.5, 14], "texture": "#0"},
				"west": {"uv": [0, 0, 0, 2], "texture": "#0"},
				"up": {"uv": [0.5, 0, 0, 0], "texture": "#0"},
				"down": {"uv": [0.5, 0, 0, 0], "texture": "#0"}
			}
		},
		{
			"from": [9.7, 3.25, 5.925],
			"to": [10.7, 7.25, 5.925],
			"rotation": {"angle": 0, "axis": "y", "origin": [16, 0, 0]},
			"faces": {
				"north": {"uv": [12.5, 8, 13, 10], "texture": "#0"},
				"east": {"uv": [0, 0, 0, 2], "texture": "#0"},
				"south": {"uv": [12.5, 10, 13, 12], "texture": "#0"},
				"west": {"uv": [0, 0, 0, 2], "texture": "#0"},
				"up": {"uv": [0.5, 0, 0, 0], "texture": "#0"},
				"down": {"uv": [0.5, 0, 0, 0], "texture": "#0"}
			}
		},
		{
			"from": [6.5, 9, 1.95],
			"to": [9.5, 12, 1.95],
			"rotation": {"angle": 22.5, "axis": "x", "origin": [0, 0, 0]},
			"faces": {
				"north": {"uv": [0, 11, 1.5, 12.5], "texture": "#0"},
				"east": {"uv": [0, 0, 0, 1.5], "texture": "#0"},
				"south": {"uv": [11, 7.5, 12.5, 9], "texture": "#0"},
				"west": {"uv": [0, 0, 0, 1.5], "texture": "#0"},
				"up": {"uv": [1.5, 0, 0, 0], "texture": "#0"},
				"down": {"uv": [1.5, 0, 0, 0], "texture": "#0"}
			}
		},
		{
			"from": [5.25, -2.25, 12.05],
			"to": [10.75, 2.75, 12.05],
			"rotation": {"angle": -22.5, "axis": "x", "origin": [0, 0, 0]},
			"faces": {
				"north": {"uv": [3, 0, 6, 2.5], "texture": "#0"},
				"east": {"uv": [0, 0, 0, 2.5], "texture": "#0"},
				"south": {"uv": [3, 2.5, 6, 5], "texture": "#0"},
				"west": {"uv": [0, 0, 0, 2.5], "texture": "#0"},
				"up": {"uv": [3, 0, 0, 0], "texture": "#0"},
				"down": {"uv": [3, 0, 0, 0], "texture": "#0"}
			}
		},
		{
			"from": [5.4, 7.5, 5.9],
			"to": [10.6, 9.1, 10.1],
			"rotation": {"angle": 0, "axis": "y", "origin": [-1.5, -1, 8]},
			"faces": {
				"north": {"uv": [3, 5, 5.5, 5.75], "texture": "#0"},
				"east": {"uv": [8, 3, 10, 3.75], "texture": "#0"},
				"south": {"uv": [5.5, 5, 8, 5.75], "texture": "#0"},
				"west": {"uv": [8.5, 0, 10.5, 0.75], "texture": "#0"},
				"up": {"uv": [10.5, 7.5, 8, 5.5], "texture": "#0"},
				"down": {"uv": [11, 2.5, 8.5, 4.5], "texture": "#0"}
			}
		}
	],
	"display": {
		"thirdperson_righthand": {
			"rotation": [0, -180, 0],
			"translation": [0, 3.75, 1.5],
			"scale": [0.5, 0.5, 0.5]
		},
		"thirdperson_lefthand": {
			"rotation": [0, -180, 0],
			"translation": [0, 3.75, 1.5],
			"scale": [0.5, 0.5, 0.5]
		},
		"firstperson_righthand": {
			"rotation": [0, 120, 0],
			"translation": [0.5, 5.75, 0]
		},
		"firstperson_lefthand": {
			"rotation": [0, 120, 0],
			"translation": [0.5, 5.75, 0]
		},
		"ground": {
			"translation": [0, 4, 0]
		},
		"gui": {
			"rotation": [30, -150, 0],
			"translation": [0, 3.5, 0],
			"scale": [1.2, 1.2, 1.2]
		},
		"head": {
			"translation": [0, 18, 0],
			"scale": [1.5, 1.5, 1.5]
		},
		"fixed": {
			"rotation": [-90, 0, 0],
			"translation": [0, 2, -20],
			"scale": [2.5, 2.5, 2.5]
		}
	},
	"groups": [
		{
			"name": "hand",
			"origin": [0, 0, 0],
			"color": 0,
			"children": [0, 1, 2, 3]
		},
		{
			"name": "body",
			"origin": [-0.5, 0, 0],
			"color": 0,
			"children": [4, 5, 6, 7, 8, 9]
		},
		{
			"name": "legs",
			"origin": [-0.5, 0, 0],
			"color": 0,
			"children": [10, 11, 12, 13]
		},
		{
			"name": "face",
			"origin": [-0.5, 0, 0],
			"color": 0,
			"children": [14, 15, 16, 17]
		},
		{
			"name": "group",
			"origin": [8, 8, 8],
			"color": 0,
			"children": [18, 19]
		}, 20]
}