{
    "variants": {
        "north=none,east=none,south=none,west=none,power=0": [
            { "model": "addon:block/herbs_1" },
            { "model": "addon:block/herbs_2" }
        ],
        "north=none,east=none,south=none,west=none,power=1": { "model": "addon:block/curtain_north_top" },
        "north=none,east=none,south=none,west=none,power=2": { "model": "addon:block/curtain_north" },
        "north=none,east=none,south=none,west=none,power=3": { "model": "addon:block/curtain_north_bottom" },
        "north=none,east=none,south=none,west=none,power=4": { "model": "addon:block/curtain_east_top" },
        "north=none,east=none,south=none,west=none,power=5": { "model": "addon:block/curtain_east" },
        "north=none,east=none,south=none,west=none,power=6": { "model": "addon:block/curtain_east_bottom" },
        "north=none,east=none,south=none,west=none,power=7": { "model":  "addon:block/spoked_wooden_wheel" },
        "north=none,east=none,south=none,west=none,power=8": { "model":  "addon:block/alpine_bearberry" },
        "north=none,east=none,south=none,west=none,power=9": { "model":  "addon:block/alpine_sow_thistle" },
        "north=none,east=none,south=none,west=none,power=10": { "model":  "addon:block/athelas" },
        "north=none,east=none,south=none,west=none,power=11": { "model":  "addon:block/birdsfoot_trefoil" },
        "north=none,east=none,south=none,west=none,power=12": { "model":  "addon:block/black_knapweed" },
        "north=none,east=none,south=none,west=none,power=13": { "model":  "addon:block/bog_asphodel" },
        "north=none,east=none,south=none,west=none,power=14": { "model":  "addon:block/bottle_sedge" },
        "north=none,east=none,south=none,west=none,power=15": { "model":  "addon:block/buttercups" },
        "north=none,east=none,south=none,west=side,power=0": { "model":  "addon:block/common_cow_wheat" },
        "north=none,east=none,south=none,west=side,power=1": { "model":  "addon:block/cotton_grass" },
        "north=none,east=none,south=none,west=side,power=2": { "model":  "addon:block/cow_parsley" },
        "north=none,east=none,south=none,west=side,power=3": { "model":  "addon:block/cross_leaved_heath" },
        "north=none,east=none,south=none,west=side,power=4": { "model":  "addon:block/dead_grass" },
        "north=none,east=none,south=none,west=side,power=5": { "model":  "addon:block/dead_reeds" },
        "north=none,east=none,south=none,west=side,power=6": { "model":  "addon:block/dooryard_dock" },
        "north=none,east=none,south=none,west=side,power=7": { "model":  "addon:block/dry_reeds" },
        "north=none,east=none,south=none,west=side,power=8": { "model":  "addon:block/elanor" },
        "north=none,east=none,south=none,west=side,power=9": { "model":  "addon:block/goldenrod" },
        "north=none,east=none,south=none,west=side,power=10": { "model":  "addon:block/greater_wood_rush" },
        "north=none,east=none,south=none,west=side,power=11": { "model":  "addon:block/green_meadow_fescue" },
        "north=none,east=none,south=none,west=side,power=12": { "model":  "addon:block/green_spurge" },
        "north=none,east=none,south=none,west=side,power=13": { "model":  "addon:block/harebell" },
        "north=none,east=none,south=none,west=side,power=14": { "model":  "addon:block/harts_tongue_fern" },
        "north=none,east=none,south=none,west=side,power=15": { "model":  "addon:block/heather" },
        "north=none,east=none,south=none,west=up,power=0": { "model":  "addon:block/iris" },
        "north=none,east=none,south=none,west=up,power=1": { "model":  "addon:block/kentucky_bluegrass" },
        "north=none,east=none,south=none,west=up,power=2": { "model":  "addon:block/knapweed" },
        "north=none,east=none,south=none,west=up,power=3": { "model":  "addon:block/lobelia_flowers" },
        "north=none,east=none,south=none,west=up,power=4": { "model":  "addon:block/marigold" },
        "north=none,east=none,south=none,west=up,power=5": { "model":  "addon:block/marsh_ragwort" },
        "north=none,east=none,south=none,west=up,power=6": { "model":  "addon:block/meadow_fescue" },
        "north=none,east=none,south=none,west=up,power=7": { "model":  "addon:block/meadow_saffron" },
        "north=none,east=none,south=none,west=up,power=8": { "model":  "addon:block/mediterranean_wild_tulip" },
        "north=none,east=none,south=none,west=up,power=9": { "model":  "addon:block/melancholy_thistle" },
        "north=none,east=none,south=none,west=up,power=10": { "model":  "addon:block/moorland_spotted_orchid" },
        "north=none,east=none,south=none,west=up,power=11": { "model":  "addon:block/nettles" },
        "north=none,east=none,south=none,west=up,power=12": { "model":  "addon:block/nightshade" },
        "north=none,east=none,south=none,west=up,power=13": { "model":  "addon:block/niphredil" },
        "north=none,east=none,south=none,west=up,power=14": { "model":  "addon:block/orpine" },
        "north=none,east=none,south=none,west=up,power=15": { "model":  "addon:block/pasque_flower" },
        "north=none,east=none,south=side,west=none,power=0": { "model":  "addon:block/prickly_pear_cacti_baby" },
        "north=none,east=none,south=side,west=none,power=1": { "model":  "addon:block/prickly_pear_cacti_grown" },
        "north=none,east=none,south=side,west=none,power=2": { "model":  "addon:block/prickly_pear_cacti_medium" },
        "north=none,east=none,south=side,west=none,power=3": { "model":  "addon:block/prickly_pear_cacti_young" },
        "north=none,east=none,south=side,west=none,power=4": { "model":  "addon:block/purple_moor_grass" },
        "north=none,east=none,south=side,west=none,power=5": { "model":  "addon:block/purple_wolfs_bane" },
        "north=none,east=none,south=side,west=none,power=6": { "model":  "addon:block/red_clover_flowers" },
        "north=none,east=none,south=side,west=none,power=7": { "model":  "addon:block/red_common_cow_wheat" },
        "north=none,east=none,south=side,west=none,power=8": { "model":  "addon:block/rock_rose" },
        "north=none,east=none,south=side,west=none,power=9": { "model":  "addon:block/rosebay_willowherb" },
        "north=none,east=none,south=side,west=none,power=10": { "model":  "addon:block/rushes" },
        "north=none,east=none,south=side,west=none,power=11": { "model":  "addon:block/sea_arrowgrass" },
        "north=none,east=none,south=side,west=none,power=12": { "model":  "addon:block/sea_lavender" },
        "north=none,east=none,south=side,west=none,power=13": { "model":  "addon:block/sedge" },
        "north=none,east=none,south=side,west=none,power=14": { "model":  "addon:block/simbelmyne" },
        "north=none,east=none,south=side,west=none,power=15": { "model":  "addon:block/small_cacti" },
        "north=none,east=none,south=side,west=side,power=0": { "model":  "addon:block/small_fescue" },
        "north=none,east=none,south=side,west=side,power=1": { "model":  "addon:block/small_scabious" },
        "north=none,east=none,south=side,west=side,power=2": { "model":  "addon:block/sweet_grass" },
        "north=none,east=none,south=side,west=side,power=3": { "model":  "addon:block/thyme" },
        "north=none,east=none,south=side,west=side,power=4": { "model":  "addon:block/timothy_grass" },
        "north=none,east=none,south=side,west=side,power=5": { "model":  "addon:block/water_mint" },
        "north=none,east=none,south=side,west=side,power=6": { "model":  "addon:block/wavy_hair_grass" },
        "north=none,east=none,south=side,west=side,power=7": { "model":  "addon:block/wild_basil" },
        "north=none,east=none,south=side,west=side,power=8": { "model":  "addon:block/wild_dagga" },
        "north=none,east=none,south=side,west=side,power=9": { "model":  "addon:block/wild_daisy" },
        "north=none,east=none,south=side,west=side,power=10": { "model":  "addon:block/wild_parsley" }
    }
}